sku;name;images;video;stock_a;stock_a_days;stock_b;stock_b_days;stock_c;stock_c_days;pvd_old;pvd;pvd_dif;pvr_old;pvr;pvr_dif;category
S05149512;Ladies' Sunglasses Guess GU00216 Black;https://www.bigbuy.eu/7827888/ladies-sunglasses-guess-gu00216-black_1299639.jpg;-;1;1;0;5;1;1;-;42.86;0.00%;-;48.16;0.00%;Sunglasses
S05149439;Ladies' Sunglasses Guess GU00215 Black Golden;https://www.bigbuy.eu/7827883/ladies-sunglasses-guess-gu00215-black-golden_1299638.jpg;-;1;1;0;5;1;1;-;42.86;0.00%;-;48.16;0.00%;Sunglasses
S72143608;Ladies' Sunglasses Guess GU7917 5674T;https://www.bigbuy.eu/7826759/ladies-sunglasses-guess-gu7917-5674t_1299332.jpg;-;50;1;0;5;50;1;-;52.41;0.00%;-;63.91;0.00%;Sunglasses
S72143606;Unisex Sunglasses Guess GU3053 5552F;https://www.bigbuy.eu/7826732/unisex-sunglasses-guess-gu3053-5552f_1299325.jpg;-;50;1;0;5;50;1;-;49.66;0.00%;-;60.56;0.00%;Sunglasses
S72143597;Ladies' Sunglasses Guess GU00103 5257P;https://www.bigbuy.eu/7826703/ladies-sunglasses-guess-gu00103-5257p_1299316.jpg;-;34;1;0;5;34;1;-;52.41;0.00%;-;63.91;0.00%;Sunglasses
S72143573;Ladies' Sunglasses Guess by Marciano GM00023 6033W;https://www.bigbuy.eu/7826876/ladies-sunglasses-guess-by-marciano-gm00023-6033w_1299367.jpg;-;35;1;0;5;35;1;-;62.51;0.00%;-;73.54;0.00%;Sunglasses
S72143572;Ladies' Sunglasses Guess by Marciano GM00017 5352P;https://www.bigbuy.eu/7826839/ladies-sunglasses-guess-by-marciano-gm00017-5352p_1299355.jpg;-;50;1;0;5;50;1;-;62.51;0.00%;-;73.54;0.00%;Sunglasses
S72143571;Ladies' Sunglasses Guess by Marciano GM00017 5301B;https://www.bigbuy.eu/7826680/ladies-sunglasses-guess-by-marciano-gm00017-5301b_1299308.jpg;-;50;1;0;5;50;1;-;62.51;0.00%;-;73.54;0.00%;Sunglasses
S72143570;Ladies' Sunglasses Guess by Marciano GM00014 5698F;https://www.bigbuy.eu/7826656/ladies-sunglasses-guess-by-marciano-gm00014-5698f_1299298.jpg;-;50;1;0;5;50;1;-;62.51;0.00%;-;73.54;0.00%;Sunglasses
S72143569;Ladies' Sunglasses Guess by Marciano GM00012 5889W;https://www.bigbuy.eu/7826582/ladies-sunglasses-guess-by-marciano-gm00012-5889w_1299272.jpg;-;50;1;0;5;50;1;-;62.51;0.00%;-;73.54;0.00%;Sunglasses
S72143568;Ladies' Sunglasses Guess by Marciano GM00012 5859P;https://www.bigbuy.eu/7826627/ladies-sunglasses-guess-by-marciano-gm00012-5859p_1299290.jpg;-;50;1;0;5;50;1;-;62.51;0.00%;-;73.54;0.00%;Sunglasses
S72143567;Ladies' Sunglasses Guess by Marciano GM00009 5887W;https://www.bigbuy.eu/7826910/ladies-sunglasses-guess-by-marciano-gm00009-5887w_1299377.jpg;-;50;1;0;5;50;1;-;62.51;0.00%;-;73.54;0.00%;Sunglasses
S72143566;Ladies' Sunglasses Guess by Marciano GM00009 5853P;https://www.bigbuy.eu/7826606/ladies-sunglasses-guess-by-marciano-gm00009-5853p_1299281.jpg;-;50;1;0;5;50;1;-;62.51;0.00%;-;73.54;0.00%;Sunglasses
S72143565;Ladies' Sunglasses Guess by Marciano GM00009 5805B;https://www.bigbuy.eu/7826550/ladies-sunglasses-guess-by-marciano-gm00009-5805b_1299262.jpg;-;23;1;0;5;23;1;-;62.51;0.00%;-;73.54;0.00%;Sunglasses
S72143564;Ladies' Sunglasses Guess by Marciano GM00005 5792W;https://www.bigbuy.eu/7826521/ladies-sunglasses-guess-by-marciano-gm00005-5792w_1299254.jpg;-;50;1;0;5;50;1;-;62.51;0.00%;-;73.54;0.00%;Sunglasses
S72143563;Ladies' Sunglasses Guess by Marciano GM00005 5756P;https://www.bigbuy.eu/7826500/ladies-sunglasses-guess-by-marciano-gm00005-5756p_1299247.jpg;-;50;1;0;5;50;1;-;62.51;0.00%;-;73.54;0.00%;Sunglasses
S72143489;Ladies' Sunglasses Tommy Hilfiger TH 2344_S 52MVU08;https://www.bigbuy.eu/7826478/ladies-sunglasses-tommy-hilfiger-th-2344-s-52mvu08_1299238.jpg;-;2;1;0;5;2;1;-;93.17;0.00%;-;105.88;0.00%;Sunglasses
S72143488;Ladies' Sunglasses Tommy Hilfiger TH 2344_S 52807IR;https://www.bigbuy.eu/7826457/ladies-sunglasses-tommy-hilfiger-th-2344-s-52807ir_1299232.jpg;-;5;1;0;5;5;1;-;93.17;0.00%;-;105.88;0.00%;Sunglasses
S72143487;Ladies' Sunglasses Tommy Hilfiger TH 2343_S 538079O;https://www.bigbuy.eu/7826848/ladies-sunglasses-tommy-hilfiger-th-2343-s-538079o_1299359.jpg;-;4;1;0;5;4;1;-;93.17;0.00%;-;105.88;0.00%;Sunglasses
S72143486;Ladies' Sunglasses Tommy Hilfiger TH 2343_S 5305L08;https://www.bigbuy.eu/7826430/ladies-sunglasses-tommy-hilfiger-th-2343-s-5305l08_1299219.jpg;-;1;1;0;5;1;1;-;93.17;0.00%;-;105.88;0.00%;Sunglasses
S72143485;Ladies' Sunglasses Tommy Hilfiger TH 2342_S 568079O;https://www.bigbuy.eu/7826444/ladies-sunglasses-tommy-hilfiger-th-2342-s-568079o_1299225.jpg;-;1;1;0;5;1;1;-;93.17;0.00%;-;105.88;0.00%;Sunglasses
S72143474;Ladies' Sunglasses Tommy Hilfiger TH 2349_S 558079O;https://www.bigbuy.eu/7826718/ladies-sunglasses-tommy-hilfiger-th-2349-s-558079o_1299322.jpg;-;4;1;0;5;4;1;-;93.17;0.00%;-;105.88;0.00%;Sunglasses
S72143473;Ladies' Sunglasses MAX&Co MO0122 5425E;https://www.bigbuy.eu/7826824/ladies-sunglasses-max-co-mo0122-5425e_1299353.jpg;-;24;1;0;5;24;1;-;51.02;0.00%;-;62.22;0.00%;Sunglasses
S72143472;Ladies' Sunglasses MAX&Co MO0091 5228Z;https://www.bigbuy.eu/7826877/ladies-sunglasses-max-co-mo0091-5228z_1299369.jpg;-;34;1;0;5;34;1;-;52.41;0.00%;-;63.91;0.00%;Sunglasses
S72143471;Ladies' Sunglasses MAX&Co MO0122 5481Z;https://www.bigbuy.eu/7826802/ladies-sunglasses-max-co-mo0122-5481z_1299345.jpg;-;24;1;0;5;24;1;-;51.02;0.00%;-;62.22;0.00%;Sunglasses
S72143470;Ladies' Sunglasses MAX&Co MO0121 5581Z;https://www.bigbuy.eu/7826773/ladies-sunglasses-max-co-mo0121-5581z_1299336.jpg;-;24;1;0;5;24;1;-;52.41;0.00%;-;63.91;0.00%;Sunglasses
S72143469;Ladies' Sunglasses MAX&Co MO0119 5833A;https://www.bigbuy.eu/7826878/ladies-sunglasses-max-co-mo0119-5833a_1299370.jpg;-;34;1;0;5;34;1;-;52.41;0.00%;-;63.91;0.00%;Sunglasses
S72143468;Ladies' Sunglasses MAX&Co MO0119 5832E;https://www.bigbuy.eu/7826558/ladies-sunglasses-max-co-mo0119-5832e_1299264.jpg;-;24;1;0;5;24;1;-;52.41;0.00%;-;63.91;0.00%;Sunglasses
S72143467;Ladies' Sunglasses MAX&Co MO0083 5652F;https://www.bigbuy.eu/7826850/ladies-sunglasses-max-co-mo0083-5652f_1299362.jpg;-;24;1;0;5;24;1;-;52.41;0.00%;-;63.91;0.00%;Sunglasses
S72143466;Men's Sunglasses MAX&Co MO0081 5255E;https://www.bigbuy.eu/7826742/men-s-sunglasses-max-co-mo0081-5255e_1299328.jpg;-;34;1;0;5;34;1;-;52.41;0.00%;-;63.91;0.00%;Sunglasses
S72143465;Men's Sunglasses MAX&Co MO0078 5701B;https://www.bigbuy.eu/7826617/men-s-sunglasses-max-co-mo0078-5701b_1299284.jpg;-;49;1;0;5;49;1;-;51.02;0.00%;-;62.22;0.00%;Sunglasses
S72143464;Ladies' Sunglasses MAX&Co MO0064 5555F;https://www.bigbuy.eu/7826693/ladies-sunglasses-max-co-mo0064-5555f_1299313.jpg;-;34;1;0;5;34;1;-;51.02;0.00%;-;62.22;0.00%;Sunglasses
S72143430;Ladies' Sunglasses Max Mara MM0114-K 5832F;https://www.bigbuy.eu/7826674/ladies-sunglasses-max-mara-mm0114-k-5832f_1299306.jpg;-;24;1;0;5;24;1;-;65.71;0.00%;-;77.31;0.00%;Sunglasses
S72143429;Ladies' Sunglasses Max Mara MM0114-K 5832A;https://www.bigbuy.eu/7826528/ladies-sunglasses-max-mara-mm0114-k-5832a_1299255.jpg;-;25;1;0;5;25;1;-;65.71;0.00%;-;77.31;0.00%;Sunglasses
S72143427;Ladies' Sunglasses Max Mara MM0096 5728Z;https://www.bigbuy.eu/7826652/ladies-sunglasses-max-mara-mm0096-5728z_1299300.jpg;-;15;1;0;5;15;1;-;65.71;0.00%;-;77.31;0.00%;Sunglasses
S72143426;Ladies' Sunglasses Max Mara MM0093 5452F;https://www.bigbuy.eu/7826501/ladies-sunglasses-max-mara-mm0093-5452f_1299245.jpg;-;17;1;0;5;17;1;-;63.91;0.00%;-;75.19;0.00%;Sunglasses
S72143425;Ladies' Sunglasses Max Mara MM0092 5556E;https://www.bigbuy.eu/7826633/ladies-sunglasses-max-mara-mm0092-5556e_1299291.jpg;-;23;1;0;5;23;1;-;63.91;0.00%;-;75.19;0.00%;Sunglasses
S72143424;Ladies' Sunglasses Max Mara MM0093 5401A;https://www.bigbuy.eu/7826609/ladies-sunglasses-max-mara-mm0093-5401a_1299283.jpg;-;13;1;0;5;13;1;-;63.91;0.00%;-;75.19;0.00%;Sunglasses
S72143423;Ladies' Sunglasses Max Mara MM0051 5273F;https://www.bigbuy.eu/7826586/ladies-sunglasses-max-mara-mm0051-5273f_1299274.jpg;-;25;1;0;5;25;1;-;65.71;0.00%;-;77.31;0.00%;Sunglasses
S72143422;Ladies' Sunglasses Max Mara MM0051 5254S;https://www.bigbuy.eu/7826561/ladies-sunglasses-max-mara-mm0051-5254s_1299266.jpg;-;34;1;0;5;34;1;-;65.71;0.00%;-;77.31;0.00%;Sunglasses
S72143341;Ladies' Sunglasses Carrera CARRERA 3087_S 56NOA70;https://www.bigbuy.eu/7826533/ladies-sunglasses-carrera-carrera-3087-s-56noa70_1299258.jpg;-;3;1;0;5;3;1;-;72.35;0.00%;-;82.22;0.00%;Sunglasses
S72143331;Ladies' Sunglasses Carrera CARRERA 3087_S 56000K2;https://www.bigbuy.eu/7826510/ladies-sunglasses-carrera-carrera-3087-s-56000k2_1299248.jpg;-;4;1;0;5;4;1;-;70.83;0.00%;-;83.33;0.00%;Sunglasses
S72143022;Ladies' Sunglasses Dsquared2 D2 0207_S 528079O;https://www.bigbuy.eu/7826481/ladies-sunglasses-dsquared2-d2-0207-s-528079o_1299240.jpg;-;3;1;0;5;3;1;-;124.27;0.00%;-;138.08;0.00%;Sunglasses
S72143019;Ladies' Sunglasses Gant GA00023 5457E;https://www.bigbuy.eu/7826589/ladies-sunglasses-gant-ga00023-5457e_1299275.jpg;-;24;1;0;5;24;1;-;47.21;0.00%;-;57.57;0.00%;Sunglasses
S72143018;Unisex Sunglasses Gant GA00023 5452E;https://www.bigbuy.eu/7826459/unisex-sunglasses-gant-ga00023-5452e_1299231.jpg;-;50;1;0;5;50;1;-;47.21;0.00%;-;57.57;0.00%;Sunglasses
S72143017;Unisex Sunglasses Gant GA00023 5401A;https://www.bigbuy.eu/7826442/unisex-sunglasses-gant-ga00023-5401a_1299223.jpg;-;35;1;0;5;35;1;-;47.21;0.00%;-;57.57;0.00%;Sunglasses
S72143016;Unisex Sunglasses Gant GA00021 5557E;https://www.bigbuy.eu/7827058/unisex-sunglasses-gant-ga00021-5557e_1299438.jpg;-;19;1;0;5;19;1;-;47.21;0.00%;-;57.57;0.00%;Sunglasses
S72143015;Ladies' Sunglasses Polaroid PLD 6251_S_X 51KB7MU;https://www.bigbuy.eu/7827028/ladies-sunglasses-polaroid-pld-6251-s-x-51kb7mu_1299427.jpg;-;14;1;0;5;14;1;-;39.88;0.00%;-;48.63;0.00%;Sunglasses
S72143014;Ladies' Sunglasses Polaroid PLD 6251_S_X 51807M9;https://www.bigbuy.eu/7826427/ladies-sunglasses-polaroid-pld-6251-s-x-51807m9_1299216.jpg;-;32;1;0;5;32;1;-;39.88;0.00%;-;48.63;0.00%;Sunglasses
S72143011;Ladies' Sunglasses Polaroid PLD 4205_G_S_X 562F7M9;https://www.bigbuy.eu/7827089/ladies-sunglasses-polaroid-pld-4205-g-s-x-562f7m9_1299452.jpg;-;14;1;0;5;14;1;-;41.36;0.00%;-;50.44;0.00%;Sunglasses
S72143010;Ladies' Sunglasses Polaroid PLD 4205_G_S_X 5601QLA;https://www.bigbuy.eu/7827110/ladies-sunglasses-polaroid-pld-4205-g-s-x-5601qla_1299455.jpg;-;5;1;0;5;5;1;-;41.36;0.00%;-;50.44;0.00%;Sunglasses
S72143009;Ladies' Sunglasses Polaroid PLD 4204_G_S_X 56J5GWJ;https://www.bigbuy.eu/7826954/ladies-sunglasses-polaroid-pld-4204-g-s-x-56j5gwj_1299396.jpg;-;3;1;0;5;3;1;-;41.36;0.00%;-;50.44;0.00%;Sunglasses
S72143008;Ladies' Sunglasses Polaroid PLD 4204_G_S_X 562F7M9;https://www.bigbuy.eu/7826904/ladies-sunglasses-polaroid-pld-4204-g-s-x-562f7m9_1299378.jpg;-;14;1;0;5;14;1;-;41.36;0.00%;-;50.44;0.00%;Sunglasses
S72143001;Ladies' Sunglasses Polaroid PLD 2169_S_X 56O6WM9;https://www.bigbuy.eu/7827082/ladies-sunglasses-polaroid-pld-2169-s-x-56o6wm9_1299447.jpg;-;8;1;0;5;8;1;-;39.88;0.00%;-;48.63;0.00%;Sunglasses
S72142994;Ladies' Sunglasses Polaroid PLD 4194_S 55FWMLA;https://www.bigbuy.eu/7827061/ladies-sunglasses-polaroid-pld-4194-s-55fwmla_1299441.jpg;-;14;1;0;5;14;1;-;38.39;0.00%;-;47.99;0.00%;Sunglasses
S72142993;Ladies' Sunglasses Polaroid PLD 4194_S 55C9AM9;https://www.bigbuy.eu/7827052/ladies-sunglasses-polaroid-pld-4194-s-55c9am9_1299437.jpg;-;5;1;0;5;5;1;-;38.39;0.00%;-;47.99;0.00%;Sunglasses
S72142992;Ladies' Sunglasses Polaroid PLD 4194_S 55807M9;https://www.bigbuy.eu/7827034/ladies-sunglasses-polaroid-pld-4194-s-55807m9_1299428.jpg;-;46;1;0;5;46;1;-;38.39;0.00%;-;47.99;0.00%;Sunglasses
S72142991;Ladies' Sunglasses Polaroid PLD 4198_S_X 56PJPM9;https://www.bigbuy.eu/7826475/ladies-sunglasses-polaroid-pld-4198-s-x-56pjpm9_1299237.jpg;-;1;1;0;5;1;1;-;44.29;0.00%;-;54.01;0.00%;Sunglasses
S72142990;Ladies' Sunglasses Polaroid PLD 4198_S_X 56807M9;https://www.bigbuy.eu/7827029/ladies-sunglasses-polaroid-pld-4198-s-x-56807m9_1299426.jpg;-;3;1;0;5;3;1;-;44.29;0.00%;-;54.01;0.00%;Sunglasses
S72142986;Ladies' Sunglasses Polaroid PLD 4199_S_X 55807M9;https://www.bigbuy.eu/7827048/ladies-sunglasses-polaroid-pld-4199-s-x-55807m9_1299435.jpg;-;19;1;0;5;19;1;-;44.29;0.00%;-;54.01;0.00%;Sunglasses
S72142982;Ladies' Sunglasses Polaroid PLD 6254_S_X 55000UC;https://www.bigbuy.eu/7827053/ladies-sunglasses-polaroid-pld-6254-s-x-55000uc_1299436.jpg;-;3;1;0;5;3;1;-;41.36;0.00%;-;50.44;0.00%;Sunglasses
S72142980;Ladies' Sunglasses Polaroid PLD 6248_S_X 50807M9;https://www.bigbuy.eu/7826930/ladies-sunglasses-polaroid-pld-6248-s-x-50807m9_1299383.jpg;-;50;1;0;5;50;1;-;41.36;0.00%;-;50.44;0.00%;Sunglasses
S72142979;Ladies' Sunglasses Polaroid PLD 6251_S_X 51QFUWJ;https://www.bigbuy.eu/7827035/ladies-sunglasses-polaroid-pld-6251-s-x-51qfuwj_1299429.jpg;-;38;1;0;5;38;1;-;39.88;0.00%;-;48.63;0.00%;Sunglasses
S72142975;Ladies' Sunglasses Polaroid PLD 6253_S_X 52807M9;https://www.bigbuy.eu/7827040/ladies-sunglasses-polaroid-pld-6253-s-x-52807m9_1299431.jpg;-;23;1;0;5;23;1;-;39.88;0.00%;-;48.63;0.00%;Sunglasses
S72142970;Ladies' Sunglasses Missoni MIS 0273_S 548079O;https://www.bigbuy.eu/7827039/ladies-sunglasses-missoni-mis-0273-s-548079o_1299430.jpg;-;1;1;0;5;1;1;-;100.04;0.00%;-;113.68;0.00%;Sunglasses
S72142968;Ladies' Sunglasses Missoni MIS 0272_S 52ACI70;https://www.bigbuy.eu/7827080/ladies-sunglasses-missoni-mis-0272-s-52aci70_1299446.jpg;-;1;1;0;5;1;1;-;100.04;0.00%;-;113.68;0.00%;Sunglasses
S72142967;Ladies' Sunglasses Missoni MIS 0268_G_S 559N49O;https://www.bigbuy.eu/7827088/ladies-sunglasses-missoni-mis-0268-g-s-559n49o_1299449.jpg;-;1;1;0;5;1;1;-;128.32;0.00%;-;142.58;0.00%;Sunglasses
S72142965;Ladies' Sunglasses Missoni MIS 0264_G_S 548079O;https://www.bigbuy.eu/7827063/ladies-sunglasses-missoni-mis-0264-g-s-548079o_1299440.jpg;-;1;1;0;5;1;1;-;136.42;0.00%;-;151.58;0.00%;Sunglasses
S72142964;Ladies' Sunglasses Guess GU7917 5601A;https://www.bigbuy.eu/7826698/ladies-sunglasses-guess-gu7917-5601a_1299312.jpg;-;50;1;0;5;50;1;-;52.41;0.00%;-;63.91;0.00%;Sunglasses
S72142962;Ladies' Sunglasses Guess GU00111 5652F;https://www.bigbuy.eu/7826534/ladies-sunglasses-guess-gu00111-5652f_1299252.jpg;-;26;1;0;5;26;1;-;52.41;0.00%;-;63.91;0.00%;Sunglasses
S72142813;Ladies' Sunglasses One Jewels OSBHS4552TCC321H;https://www.bigbuy.eu/7819897/ladies-sunglasses-one-jewels-osbhs4552tcc321h_1298650.jpg;-;5;1;0;5;5;1;-;71.34;0.00%;-;81.07;0.00%;Sunglasses
S72142812;Ladies' Sunglasses One Jewels OSBHS4552APC321H;https://www.bigbuy.eu/7819893/ladies-sunglasses-one-jewels-osbhs4552apc321h_1298649.jpg;-;5;1;0;5;5;1;-;71.34;0.00%;-;81.07;0.00%;Sunglasses
S72142811;Ladies' Sunglasses One Jewels OSBHS4551TCC321H;https://www.bigbuy.eu/7819886/ladies-sunglasses-one-jewels-osbhs4551tcc321h_1298648.jpg;-;5;1;0;5;5;1;-;71.34;0.00%;-;81.07;0.00%;Sunglasses
S72142810;Ladies' Sunglasses One Jewels OSBHS4551PPC321H;https://www.bigbuy.eu/7819885/ladies-sunglasses-one-jewels-osbhs4551ppc321h_1298647.jpg;-;5;1;0;5;5;1;-;71.34;0.00%;-;81.07;0.00%;Sunglasses
S72142932;Ladies' Sunglasses Polaroid PLD 4176_S_X;https://www.bigbuy.eu/7819471/ladies-sunglasses-polaroid-pld-4176-s-x_1298528.jpg;-;1;1;0;5;1;1;-;68.45;0.00%;-;80.53;0.00%;Sunglasses
S72142883;Ladies' Sunglasses Just Cavalli SJC023 53700Y;https://www.bigbuy.eu/7819468/ladies-sunglasses-just-cavalli-sjc023-53700y_1298527.jpg;-;1;1;0;5;1;1;-;72.67;0.00%;-;82.58;0.00%;Sunglasses
S72142882;Ladies' Sunglasses Just Cavalli SJC020V 540700;https://www.bigbuy.eu/7819464/ladies-sunglasses-just-cavalli-sjc020v-540700_1298526.jpg;-;1;1;0;5;1;1;-;72.67;0.00%;-;82.58;0.00%;Sunglasses
S72142877;Ladies' Sunglasses Guess GU7884 5732F;https://www.bigbuy.eu/7819459/ladies-sunglasses-guess-gu7884-5732f_1298524.jpg;-;50;1;0;5;50;1;-;52.41;0.00%;-;63.91;0.00%;Sunglasses
S72142872;Ladies' Sunglasses Guess GU00159 6332B;https://www.bigbuy.eu/7819456/ladies-sunglasses-guess-gu00159-6332b_1298523.jpg;-;19;1;0;5;19;1;-;51.02;0.00%;-;62.22;0.00%;Sunglasses
S72142871;Ladies' Sunglasses Guess GU7919 5852P;https://www.bigbuy.eu/7819453/ladies-sunglasses-guess-gu7919-5852p_1298522.jpg;-;15;1;0;5;15;1;-;51.02;0.00%;-;62.22;0.00%;Sunglasses
S72142870;Ladies' Sunglasses Guess GU00220 6202A;https://www.bigbuy.eu/7819449/ladies-sunglasses-guess-gu00220-6202a_1298521.jpg;-;37;1;0;5;37;1;-;51.02;0.00%;-;62.22;0.00%;Sunglasses
S72142869;Ladies' Sunglasses Guess GU00173 6021F;https://www.bigbuy.eu/7819447/ladies-sunglasses-guess-gu00173-6021f_1298520.jpg;-;30;1;0;5;30;1;-;51.02;0.00%;-;62.22;0.00%;Sunglasses
S72142868;Ladies' Sunglasses Guess GU00152 5701A;https://www.bigbuy.eu/7819444/ladies-sunglasses-guess-gu00152-5701a_1298519.jpg;-;8;1;0;5;8;1;-;51.02;0.00%;-;62.22;0.00%;Sunglasses
S72142865;Ladies' Sunglasses Guess GU00146 5920B;https://www.bigbuy.eu/7819441/ladies-sunglasses-guess-gu00146-5920b_1298518.jpg;-;3;1;0;5;3;1;-;51.02;0.00%;-;62.22;0.00%;Sunglasses
S72142864;Ladies' Sunglasses Guess GU00146 5901B;https://www.bigbuy.eu/7819438/ladies-sunglasses-guess-gu00146-5901b_1298517.jpg;-;8;1;0;5;8;1;-;51.02;0.00%;-;62.22;0.00%;Sunglasses
S72142863;Ladies' Sunglasses Guess GU00145 5452E;https://www.bigbuy.eu/7819435/ladies-sunglasses-guess-gu00145-5452e_1298516.jpg;-;10;1;0;5;10;1;-;51.02;0.00%;-;62.22;0.00%;Sunglasses
S72142862;Ladies' Sunglasses Guess GU00144 6052F;https://www.bigbuy.eu/7819431/ladies-sunglasses-guess-gu00144-6052f_1298515.jpg;-;21;1;0;5;21;1;-;51.02;0.00%;-;62.22;0.00%;Sunglasses
S72142861;Ladies' Sunglasses Guess GU00144 6026B;https://www.bigbuy.eu/7819426/ladies-sunglasses-guess-gu00144-6026b_1298514.jpg;-;14;1;0;5;14;1;-;51.02;0.00%;-;62.22;0.00%;Sunglasses
S72142860;Ladies' Sunglasses Guess GU00144 6001B;https://www.bigbuy.eu/7819421/ladies-sunglasses-guess-gu00144-6001b_1298512.jpg;-;11;1;0;5;11;1;-;51.02;0.00%;-;62.22;0.00%;Sunglasses
S72142859;Ladies' Sunglasses Guess GU00102 5632F;https://www.bigbuy.eu/7819422/ladies-sunglasses-guess-gu00102-5632f_1298513.jpg;-;28;1;0;5;28;1;-;51.02;0.00%;-;62.22;0.00%;Sunglasses
S72142858;Ladies' Sunglasses Guess GU00178 5752F;https://www.bigbuy.eu/7819420/ladies-sunglasses-guess-gu00178-5752f_1298511.jpg;-;9;1;0;5;9;1;-;49.66;0.00%;-;60.56;0.00%;Sunglasses
S72142711;Ladies' Sunglasses Jimmy Choo JC 5028;https://www.bigbuy.eu/7812588/ladies-sunglasses-jimmy-choo-jc-5028_1297275.jpg;-;1;1;0;5;1;1;-;163.62;0.00%;-;181.8;0.00%;Sunglasses
S72142686;Ladies' Sunglasses Guess GU00203-H 5601B;https://www.bigbuy.eu/7812586/ladies-sunglasses-guess-gu00203-h-5601b_1297274.jpg;-;49;1;0;5;49;1;-;52.41;0.00%;-;63.91;0.00%;Sunglasses
S72142684;Ladies' Sunglasses Guess GU00099 5501D;https://www.bigbuy.eu/7812583/ladies-sunglasses-guess-gu00099-5501d_1297273.jpg;-;50;1;0;5;50;1;-;52.41;0.00%;-;63.91;0.00%;Sunglasses
S72142683;Ladies' Sunglasses Guess GU00158 6132B;https://www.bigbuy.eu/7812580/ladies-sunglasses-guess-gu00158-6132b_1297272.jpg;-;38;1;0;5;38;1;-;51.02;0.00%;-;62.22;0.00%;Sunglasses
S72142682;Ladies' Sunglasses Guess GU00158 6128B;https://www.bigbuy.eu/7812577/ladies-sunglasses-guess-gu00158-6128b_1297271.jpg;-;50;1;0;5;50;1;-;51.02;0.00%;-;62.22;0.00%;Sunglasses
S72142681;Ladies' Sunglasses Guess GU00130 6152F;https://www.bigbuy.eu/7812574/ladies-sunglasses-guess-gu00130-6152f_1297270.jpg;-;49;1;0;5;49;1;-;51.02;0.00%;-;62.22;0.00%;Sunglasses
S72142677;Ladies' Sunglasses Guess GU7920 5852P;https://www.bigbuy.eu/7812568/ladies-sunglasses-guess-gu7920-5852p_1297268.jpg;-;50;1;0;5;50;1;-;51.02;0.00%;-;62.22;0.00%;Sunglasses
S72142674;Ladies' Sunglasses Guess GU7846 6133F;https://www.bigbuy.eu/7812551/ladies-sunglasses-guess-gu7846-6133f_1297262.jpg;-;2;1;0;5;2;1;-;52.41;0.00%;-;63.91;0.00%;Sunglasses
S72142597;Ladies' Sunglasses Superdry SDS 5035 57104;https://www.bigbuy.eu/7812548/ladies-sunglasses-superdry-sds-5035-57104_1297261.jpg;-;1;1;0;5;1;1;-;37.97;0.00%;-;47.46;0.00%;Sunglasses
S72142596;Ladies' Sunglasses Superdry SDS 5035 57100;https://www.bigbuy.eu/7812543/ladies-sunglasses-superdry-sds-5035-57100_1297260.jpg;-;1;1;0;5;1;1;-;37.97;0.00%;-;47.46;0.00%;Sunglasses
S72142595;Ladies' Sunglasses Superdry SDS 5033 58025;https://www.bigbuy.eu/7812539/ladies-sunglasses-superdry-sds-5033-58025_1297258.jpg;-;1;1;0;5;1;1;-;37.97;0.00%;-;47.46;0.00%;Sunglasses
S72142585;Ladies' Sunglasses Superdry SDS 5032 53108;https://www.bigbuy.eu/7812531/ladies-sunglasses-superdry-sds-5032-53108_1297256.jpg;-;1;1;0;5;1;1;-;37.97;0.00%;-;47.46;0.00%;Sunglasses
S72142584;Ladies' Sunglasses Superdry SDS 5032 53104;https://www.bigbuy.eu/7812525/ladies-sunglasses-superdry-sds-5032-53104_1297254.jpg;-;1;1;0;5;1;1;-;37.97;0.00%;-;47.46;0.00%;Sunglasses
S72142583;Ladies' Sunglasses Superdry SDS 5025 50104;https://www.bigbuy.eu/7812522/ladies-sunglasses-superdry-sds-5025-50104_1297253.jpg;-;1;1;0;5;1;1;-;37.97;0.00%;-;47.46;0.00%;Sunglasses
S72142581;Ladies' Sunglasses Superdry SDS HENSLEY 52172;https://www.bigbuy.eu/7812518/ladies-sunglasses-superdry-sds-hensley-52172_1297252.jpg;-;1;1;0;5;1;1;-;37.97;0.00%;-;47.46;0.00%;Sunglasses
S72142579;Ladies' Sunglasses Superdry SDS PHOENIX 55172;https://www.bigbuy.eu/7812509/ladies-sunglasses-superdry-sds-phoenix-55172_1297251.jpg;-;1;1;0;5;1;1;-;37.97;0.00%;-;47.46;0.00%;Sunglasses
S72142578;Ladies' Sunglasses Superdry SDS PHOENIX 55104;https://www.bigbuy.eu/7812503/ladies-sunglasses-superdry-sds-phoenix-55104_1297248.jpg;-;1;1;0;5;1;1;-;37.97;0.00%;-;47.46;0.00%;Sunglasses
S72142577;Ladies' Sunglasses Superdry SDS MONTEGO 53112;https://www.bigbuy.eu/7812499/ladies-sunglasses-superdry-sds-montego-53112_1297247.jpg;-;1;1;0;5;1;1;-;37.97;0.00%;-;47.46;0.00%;Sunglasses
S72142571;Ladies' Sunglasses Superdry SDS STUDIOCREW 51272;https://www.bigbuy.eu/7812487/ladies-sunglasses-superdry-sds-studiocrew-51272_1297243.jpg;-;1;1;0;5;1;1;-;37.14;0.00%;-;46.43;0.00%;Sunglasses
S72142566;Ladies' Sunglasses Superdry SDS GIRLFRIEND 50172;https://www.bigbuy.eu/7812475/ladies-sunglasses-superdry-sds-girlfriend-50172_1297240.jpg;-;1;1;0;5;1;1;-;37.14;0.00%;-;46.43;0.00%;Sunglasses
S72142508;Ladies' Sunglasses Max Mara MM0056 5753E;https://www.bigbuy.eu/7812461/ladies-sunglasses-max-mara-mm0056-5753e_1297235.jpg;-;2;1;0;5;2;1;-;63.91;0.00%;-;75.19;0.00%;Sunglasses
S72142493;Ladies' Sunglasses Lacoste L6072S;https://www.bigbuy.eu/7812559/ladies-sunglasses-lacoste-l6072s_1297265.jpg;-;1;1;0;5;1;1;-;110.9;0.00%;-;123.22;0.00%;Sunglasses
S72139866;Ladies' Sunglasses Replay RY633S 5305H;https://www.bigbuy.eu/7812542/ladies-sunglasses-replay-ry633s-5305h_1297259.jpg;-;2;1;0;5;2;1;-;46.07;0.00%;-;56.18;0.00%;Sunglasses
S72142444;Ladies' Sunglasses Guess GU7919 5869G;https://www.bigbuy.eu/7806399/ladies-sunglasses-guess-gu7919-5869g_1296010.jpg;-;39;1;0;5;39;1;-;51.02;0.00%;-;62.22;0.00%;Sunglasses
S72142079;Ladies' Sunglasses Guess GU00155 5769F;https://www.bigbuy.eu/7806396/ladies-sunglasses-guess-gu00155-5769f_1296009.jpg;-;50;1;0;5;50;1;-;51.02;0.00%;-;62.22;0.00%;Sunglasses
S0800516;Ladies' Sunglasses LGR SIWA-HAVANA09;https://www.bigbuy.eu/7806179/ladies-sunglasses-lgr-siwa-havana09_1295959.jpg;-;1;1;0;5;0;1;-;37.4;0.00%;-;52.94;0.00%;Sunglasses
S0800637;Ladies' Sunglasses Burberry BE4384-401373;https://www.bigbuy.eu/7806009/ladies-sunglasses-burberry-be4384-401373_1295922.jpg;-;1;1;0;5;0;1;-;72.73;0.00%;-;102.94;0.00%;Sunglasses
S0800664;Ladies' Sunglasses Italia Independent 0037-096-000;https://www.bigbuy.eu/7806002/ladies-sunglasses-italia-independent-0037-096-000_1295920.jpg;-;1;1;0;5;0;1;-;10.53;0.00%;-;16.67;0.00%;Sunglasses
S0800669;Ladies' Sunglasses Italia Independent 0917-CRK-053;https://www.bigbuy.eu/7805988/ladies-sunglasses-italia-independent-0917-crk-053_1295917.jpg;-;1;1;0;5;0;1;-;17.65;0.00%;-;25.0;0.00%;Sunglasses
S0800665;Ladies' Sunglasses Italia Independent 0024-093-000;https://www.bigbuy.eu/7805972/ladies-sunglasses-italia-independent-0024-093-000_1295914.jpg;-;1;1;0;5;0;1;-;15.29;0.00%;-;21.67;0.00%;Sunglasses
S0800766;Ladies' Sunglasses Italia Independent 0026-036-000;https://www.bigbuy.eu/7805957/ladies-sunglasses-italia-independent-0026-036-000_1295911.jpg;-;1;1;0;5;0;1;-;14.74;0.00%;-;23.33;0.00%;Sunglasses
S0800481;Ladies' Sunglasses Italia Independent 0202-055-000;https://www.bigbuy.eu/7805953/ladies-sunglasses-italia-independent-0202-055-000_1295910.jpg;-;1;1;0;5;0;1;-;6.35;0.00%;-;10.25;0.00%;Sunglasses
S0800472;Ladies' Sunglasses Pepe Jeans PJ7289C355;https://www.bigbuy.eu/7805282/ladies-sunglasses-pepe-jeans-pj7289c355_1295822.jpg;-;1;1;0;5;0;1;-;10.53;0.00%;-;16.67;0.00%;Sunglasses
S0800549;Ladies' Sunglasses Victoria's Secret PK0012-5916X;https://www.bigbuy.eu/7804820/ladies-sunglasses-victoria-s-secret-pk0012-5916x_1295783.jpg;-;1;1;0;5;0;1;-;7.41;0.00%;-;11.96;0.00%;Sunglasses
S0800718;Ladies' Sunglasses Victoria Beckham VB671S5914009;https://www.bigbuy.eu/7804807/ladies-sunglasses-victoria-beckham-vb671s5914009_1295781.jpg;-;1;1;0;5;0;1;-;40.52;0.00%;-;57.35;0.00%;Sunglasses
S0800629;Ladies' Sunglasses Havaianas SAMPA-XWL;https://www.bigbuy.eu/7804728/ladies-sunglasses-havaianas-sampa-xwl_1295767.jpg;-;1;1;0;5;0;1;-;20.63;0.00%;-;32.67;0.00%;Sunglasses
S0800588;Ladies' Sunglasses Jimmy Choo BIRDIESPEFIB;https://www.bigbuy.eu/7804594/ladies-sunglasses-jimmy-choo-birdiespefib_1295747.jpg;-;2;1;0;5;0;1;-;58.18;0.00%;-;82.35;0.00%;Sunglasses
S0800630;Ladies' Sunglasses Jimmy Choo LETI-S-LKSGB;https://www.bigbuy.eu/7804585/ladies-sunglasses-jimmy-choo-leti-s-lksgb_1295745.jpg;-;1;1;0;5;0;1;-;65.45;0.00%;-;92.65;0.00%;Sunglasses
S0800635;Ladies' Sunglasses Missoni MMI0071S09Z;https://www.bigbuy.eu/7804576/ladies-sunglasses-missoni-mmi0071s09z_1295743.jpg;-;1;1;0;5;0;1;-;31.05;0.00%;-;46.1;0.00%;Sunglasses
S0800696;Ladies' Sunglasses Marc Jacobs MARC529S0A84Q;https://www.bigbuy.eu/7804582/ladies-sunglasses-marc-jacobs-marc529s0a84q_1295744.jpg;-;1;1;0;5;0;1;-;37.4;0.00%;-;52.94;0.00%;Sunglasses
S0800543;Ladies' Sunglasses Polaroid PLD6051GS-35J;https://www.bigbuy.eu/7804556/ladies-sunglasses-polaroid-pld6051gs-35j_1295740.jpg;-;2;1;0;5;0;1;-;10.53;0.00%;-;16.67;0.00%;Sunglasses
S0800582;Ladies' Sunglasses Nike CITYPERSONADJ;https://www.bigbuy.eu/7804493/ladies-sunglasses-nike-citypersonadj_1295731.jpg;-;1;1;0;5;0;1;-;34.74;0.00%;-;51.56;0.00%;Sunglasses
S0800631;Ladies' Sunglasses Zadig & Voltaire SZV377S5608FC;https://www.bigbuy.eu/7804485/ladies-sunglasses-zadig-voltaire-szv377s5608fc_1295729.jpg;-;1;1;0;5;0;1;-;43.64;0.00%;-;61.76;0.00%;Sunglasses
S0800717;Ladies' Sunglasses Furla SFU694-5509TU;https://www.bigbuy.eu/7804479/ladies-sunglasses-furla-sfu694-5509tu_1295728.jpg;-;1;1;0;5;0;1;-;40.52;0.00%;-;57.35;0.00%;Sunglasses
S0800649;Ladies' Sunglasses Just Cavalli SJC031-600349;https://www.bigbuy.eu/7804469/ladies-sunglasses-just-cavalli-sjc031-600349_1295725.jpg;-;1;1;0;5;0;1;-;36.36;0.00%;-;51.47;0.00%;Sunglasses
S0800776;Ladies' Sunglasses Furla SFU600-590A93;https://www.bigbuy.eu/7804462/ladies-sunglasses-furla-sfu600-590a93_1295724.jpg;-;1;1;0;5;0;1;-;40.52;0.00%;-;57.35;0.00%;Sunglasses
S72142366;Ladies' Sunglasses Comma 77178 5647;https://www.bigbuy.eu/7800497/ladies-sunglasses-comma-77178-5647_1295102.jpg;-;5;1;0;5;5;1;-;36.75;0.00%;-;45.94;0.00%;Sunglasses
S72142234;Child Sunglasses Under Armour UA 7001_S;https://www.bigbuy.eu/7800512/child-sunglasses-under-armour-ua-7001-s_1295108.jpg;-;1;1;0;5;1;1;-;101.96;0.00%;-;115.86;0.00%;Sunglasses
S72119093;Ladies' Sunglasses Marc Jacobs MARC 804_S;https://www.bigbuy.eu/7800494/ladies-sunglasses-marc-jacobs-marc-804-s_1295101.jpg;-;1;1;0;5;1;1;-;127.25;0.00%;-;141.39;0.00%;Sunglasses
S05125603;Ladies' Sunglasses Guess GU00132 ø 58 mm;https://www.bigbuy.eu/7799352/ladies-sunglasses-guess-gu00132-oe-58-mm_1294701.jpg;-;1;1;0;5;1;1;-;46.81;0.00%;-;52.6;0.00%;Sunglasses
S72137599;Ladies' Sunglasses Jimmy Choo JC 3011;https://www.bigbuy.eu/7788077/ladies-sunglasses-jimmy-choo-jc-3011_1293567.jpg;-;2;1;0;5;2;1;-;136.12;0.00%;-;151.24;0.00%;Sunglasses
S72137246;Ladies' Sunglasses Etro ETRO 0135;https://www.bigbuy.eu/7788075/ladies-sunglasses-etro-etro-0135_1293566.jpg;-;1;1;0;5;1;1;-;168.08;0.00%;-;186.76;0.00%;Sunglasses
S72142063;Ladies' Sunglasses Max Mara MM0080 5168V;https://www.bigbuy.eu/7741633/ladies-sunglasses-max-mara-mm0080-5168v_1290016.jpg;-;5;1;0;5;5;1;-;63.91;0.00%;-;75.19;0.00%;Sunglasses
S72142062;Ladies' Sunglasses Max Mara MM0080 5153Y;https://www.bigbuy.eu/7741632/ladies-sunglasses-max-mara-mm0080-5153y_1290015.jpg;-;3;1;0;5;3;1;-;63.91;0.00%;-;75.19;0.00%;Sunglasses
S72142061;Ladies' Sunglasses Max Mara MM0072 6025L;https://www.bigbuy.eu/7741629/ladies-sunglasses-max-mara-mm0072-6025l_1290014.jpg;-;3;1;0;5;3;1;-;65.71;0.00%;-;77.31;0.00%;Sunglasses
S72142060;Ladies' Sunglasses Max Mara MM0069 5552G;https://www.bigbuy.eu/7741626/ladies-sunglasses-max-mara-mm0069-5552g_1290013.jpg;-;2;1;0;5;2;1;-;65.71;0.00%;-;77.31;0.00%;Sunglasses
S72142059;Ladies' Sunglasses Max Mara MM0054 6148F;https://www.bigbuy.eu/7741623/ladies-sunglasses-max-mara-mm0054-6148f_1290012.jpg;-;4;1;0;5;4;1;-;65.71;0.00%;-;77.31;0.00%;Sunglasses
S72142058;Ladies' Sunglasses Max Mara MM0040 5454T;https://www.bigbuy.eu/7741617/ladies-sunglasses-max-mara-mm0040-5454t_1290011.jpg;-;7;1;0;5;7;1;-;65.71;0.00%;-;77.31;0.00%;Sunglasses
S72142057;Ladies' Sunglasses Max Mara MM0026 6432F;https://www.bigbuy.eu/7741613/ladies-sunglasses-max-mara-mm0026-6432f_1290010.jpg;-;2;1;0;5;2;1;-;63.91;0.00%;-;75.19;0.00%;Sunglasses
S72141962;Ladies' Sunglasses Comma 77244 5314;https://www.bigbuy.eu/7741605/ladies-sunglasses-comma-77244-5314_1290007.jpg;-;1;1;0;5;1;1;-;36.75;0.00%;-;45.94;0.00%;Sunglasses
S72141787;Ladies' Sunglasses Emilio Pucci EP0229 6032W;https://www.bigbuy.eu/7741596/ladies-sunglasses-emilio-pucci-ep0229-6032w_1290004.jpg;-;32;1;0;5;32;1;-;69.32;0.00%;-;81.55;0.00%;Sunglasses
S72141786;Ladies' Sunglasses Emilio Pucci EP0226 5932G;https://www.bigbuy.eu/7741593/ladies-sunglasses-emilio-pucci-ep0226-5932g_1290003.jpg;-;23;1;0;5;23;1;-;65.71;0.00%;-;77.31;0.00%;Sunglasses
S72141785;Men's Sunglasses Emilio Pucci EP0226 5932A;https://www.bigbuy.eu/7741590/men-s-sunglasses-emilio-pucci-ep0226-5932a_1290002.jpg;-;20;1;0;5;20;1;-;65.71;0.00%;-;77.31;0.00%;Sunglasses
S72141784;Ladies' Sunglasses Emilio Pucci EP0214 5052E;https://www.bigbuy.eu/7741587/ladies-sunglasses-emilio-pucci-ep0214-5052e_1290001.jpg;-;13;1;0;5;13;1;-;65.71;0.00%;-;77.31;0.00%;Sunglasses
S72141783;Ladies' Sunglasses Emilio Pucci EP0214 5001A;https://www.bigbuy.eu/7741584/ladies-sunglasses-emilio-pucci-ep0214-5001a_1290000.jpg;-;18;1;0;5;18;1;-;65.71;0.00%;-;77.31;0.00%;Sunglasses
S72141782;Ladies' Sunglasses Emilio Pucci EP0212 5052E;https://www.bigbuy.eu/7741581/ladies-sunglasses-emilio-pucci-ep0212-5052e_1289999.jpg;-;27;1;0;5;27;1;-;65.71;0.00%;-;77.31;0.00%;Sunglasses
S72141772;Ladies' Sunglasses Polaroid PLD 6208_S_XN 52807M9;https://www.bigbuy.eu/7741575/ladies-sunglasses-polaroid-pld-6208-s-xn-52807m9_1289998.jpg;-;50;1;0;5;50;1;-;39.36;0.00%;-;48.0;0.00%;Sunglasses
S72141714;Ladies' Sunglasses Guess GU00130 6187X;https://www.bigbuy.eu/7741572/ladies-sunglasses-guess-gu00130-6187x_1289996.jpg;-;7;1;0;5;7;1;-;52.41;0.00%;-;63.91;0.00%;Sunglasses
S72141710;Ladies' Sunglasses Guess GU7907 5944F;https://www.bigbuy.eu/7741569/ladies-sunglasses-guess-gu7907-5944f_1289995.jpg;-;5;1;0;5;5;1;-;45.15;0.00%;-;55.06;0.00%;Sunglasses
S72139874;Ladies' Sunglasses Replay RY655S 5302;https://www.bigbuy.eu/7741562/ladies-sunglasses-replay-ry655s-5302_1289994.jpg;-;3;1;0;5;3;1;-;47.21;0.00%;-;57.57;0.00%;Sunglasses
S72139873;Ladies' Sunglasses Replay RY655S 5301;https://www.bigbuy.eu/7741560/ladies-sunglasses-replay-ry655s-5301_1289992.jpg;-;3;1;0;5;3;1;-;47.21;0.00%;-;57.57;0.00%;Sunglasses
S72139872;Ladies' Sunglasses Replay RY654S 5302;https://www.bigbuy.eu/7741574/ladies-sunglasses-replay-ry654s-5302_1289997.jpg;-;3;1;0;5;3;1;-;47.21;0.00%;-;57.57;0.00%;Sunglasses
S72139871;Ladies' Sunglasses Replay RY654S 5301;https://www.bigbuy.eu/7741561/ladies-sunglasses-replay-ry654s-5301_1289993.jpg;-;3;1;0;5;3;1;-;47.21;0.00%;-;57.57;0.00%;Sunglasses
S72139783;Ladies' Sunglasses Max Mara MM0070-H 5834K;https://www.bigbuy.eu/7739366/ladies-sunglasses-max-mara-mm0070-h-5834k_1289383.jpg;-;5;1;0;5;5;1;-;65.71;0.00%;-;77.31;0.00%;Sunglasses
S72139782;Ladies' Sunglasses Max Mara MM0066 5752L;https://www.bigbuy.eu/7739363/ladies-sunglasses-max-mara-mm0066-5752l_1289382.jpg;-;5;1;0;5;5;1;-;65.71;0.00%;-;77.31;0.00%;Sunglasses
S72139781;Ladies' Sunglasses Max Mara MM0051 5283W;https://www.bigbuy.eu/7739360/ladies-sunglasses-max-mara-mm0051-5283w_1289381.jpg;-;8;1;0;5;8;1;-;65.71;0.00%;-;77.31;0.00%;Sunglasses
S72139780;Ladies' Sunglasses Max Mara MM0050-F 7190X;https://www.bigbuy.eu/7739357/ladies-sunglasses-max-mara-mm0050-f-7190x_1289380.jpg;-;4;1;0;5;4;1;-;65.71;0.00%;-;77.31;0.00%;Sunglasses
S72139779;Ladies' Sunglasses Max Mara MM0044 5652S;https://www.bigbuy.eu/7739354/ladies-sunglasses-max-mara-mm0044-5652s_1289379.jpg;-;3;1;0;5;3;1;-;65.71;0.00%;-;77.31;0.00%;Sunglasses
S72139778;Ladies' Sunglasses Max Mara MM0037 6071B;https://www.bigbuy.eu/7739351/ladies-sunglasses-max-mara-mm0037-6071b_1289378.jpg;-;5;1;0;5;5;1;-;63.91;0.00%;-;75.19;0.00%;Sunglasses
S72139777;Ladies' Sunglasses Max Mara MM0028 5756E;https://www.bigbuy.eu/7739348/ladies-sunglasses-max-mara-mm0028-5756e_1289377.jpg;-;2;1;0;5;2;1;-;65.71;0.00%;-;77.31;0.00%;Sunglasses
S72139776;Ladies' Sunglasses Love Moschino MOL000_S;https://www.bigbuy.eu/7739346/ladies-sunglasses-love-moschino-mol000-s_1289376.jpg;-;1;1;0;5;1;1;-;116.84;0.00%;-;129.82;0.00%;Sunglasses
S72139775;Ladies' Sunglasses Love Moschino MOL073_S;https://www.bigbuy.eu/7739344/ladies-sunglasses-love-moschino-mol073-s_1289375.jpg;-;1;1;0;5;1;1;-;118.32;0.00%;-;131.47;0.00%;Sunglasses
S72139774;Ladies' Sunglasses LIU JO LJ821S;https://www.bigbuy.eu/7739342/ladies-sunglasses-liu-jo-lj821s_1289374.jpg;-;1;1;0;5;1;1;-;102.72;0.00%;-;116.73;0.00%;Sunglasses
S72139759;Ladies' Sunglasses Guess GU7483;https://www.bigbuy.eu/7739338/ladies-sunglasses-guess-gu7483_1289373.jpg;-;3;1;0;5;3;1;-;83.08;0.00%;-;94.41;0.00%;Sunglasses
S72139618;Ladies' Sunglasses Guess GU7903 5701A;https://www.bigbuy.eu/7739337/ladies-sunglasses-guess-gu7903-5701a_1289372.jpg;-;8;1;0;5;8;1;-;51.02;0.00%;-;62.22;0.00%;Sunglasses
S72138886;Ladies' Sunglasses Pepe Jeans PJ7410 49996P;https://www.bigbuy.eu/7739330/ladies-sunglasses-pepe-jeans-pj7410-49996p_1289369.jpg;-;22;1;0;5;22;1;-;37.97;0.00%;-;47.46;0.00%;Sunglasses
S72138885;Ladies' Sunglasses Pepe Jeans PJ7410 49338P;https://www.bigbuy.eu/7739329/ladies-sunglasses-pepe-jeans-pj7410-49338p_1289368.jpg;-;34;1;0;5;34;1;-;37.97;0.00%;-;47.46;0.00%;Sunglasses
S72138887;Ladies' Sunglasses Pepe Jeans PJ7411 52075P;https://www.bigbuy.eu/7739324/ladies-sunglasses-pepe-jeans-pj7411-52075p_1289365.jpg;-;13;1;0;5;13;1;-;38.81;0.00%;-;48.51;0.00%;Sunglasses
S72138200;Ladies' Sunglasses Polaroid PLD 6246_S 52807M9;https://www.bigbuy.eu/7739262/ladies-sunglasses-polaroid-pld-6246-s-52807m9_1289343.jpg;-;50;1;0;5;50;1;-;38.39;0.00%;-;47.99;0.00%;Sunglasses
S72138198;Ladies' Sunglasses Polaroid PLD 6242_S_X 54807M9;https://www.bigbuy.eu/7739259/ladies-sunglasses-polaroid-pld-6242-s-x-54807m9_1289342.jpg;-;50;1;0;5;50;1;-;41.36;0.00%;-;50.44;0.00%;Sunglasses
S72138197;Ladies' Sunglasses Polaroid PLD 6242_S_X 54789M9;https://www.bigbuy.eu/7739256/ladies-sunglasses-polaroid-pld-6242-s-x-54789m9_1289341.jpg;-;8;1;0;5;8;1;-;41.36;0.00%;-;50.44;0.00%;Sunglasses
S72138184;Ladies' Sunglasses Polaroid PLD 4097_S 57807M9;https://www.bigbuy.eu/7739241/ladies-sunglasses-polaroid-pld-4097-s-57807m9_1289336.jpg;-;50;1;0;5;50;1;-;44.29;0.00%;-;54.01;0.00%;Sunglasses
S72138070;Ladies' Sunglasses Guess GU00151 5757F;https://www.bigbuy.eu/7739217/ladies-sunglasses-guess-gu00151-5757f_1289328.jpg;-;50;1;0;5;50;1;-;51.02;0.00%;-;62.22;0.00%;Sunglasses
S72138067;Ladies' Sunglasses Guess GU00108 6074B;https://www.bigbuy.eu/7739215/ladies-sunglasses-guess-gu00108-6074b_1289327.jpg;-;17;1;0;5;17;1;-;52.41;0.00%;-;63.91;0.00%;Sunglasses
S72138065;Ladies' Sunglasses Guess GU00088 6232G;https://www.bigbuy.eu/7739211/ladies-sunglasses-guess-gu00088-6232g_1289326.jpg;-;19;1;0;5;19;1;-;51.02;0.00%;-;62.22;0.00%;Sunglasses
S72138051;Ladies' Sunglasses Guess GU7883 5652F;https://www.bigbuy.eu/7739204/ladies-sunglasses-guess-gu7883-5652f_1289323.jpg;-;43;1;0;5;43;1;-;51.02;0.00%;-;62.22;0.00%;Sunglasses
S72125932;Ladies' Sunglasses Kate Spade KS CAILIN 2_S;https://www.bigbuy.eu/7739194/ladies-sunglasses-kate-spade-ks-cailin-2-s_1289320.jpg;-;1;1;0;5;1;1;-;114.61;0.00%;-;127.34;0.00%;Sunglasses
S72139736;Ladies' Sunglasses Comma 77223 5579;https://www.bigbuy.eu/7735044/ladies-sunglasses-comma-77223-5579_1288166.jpg;-;2;1;0;5;2;1;-;36.75;0.00%;-;45.94;0.00%;Sunglasses
S72139638;Ladies' Sunglasses Trussardi TSW3011 5605A;https://www.bigbuy.eu/7735038/ladies-sunglasses-trussardi-tsw3011-5605a_1288165.jpg;-;50;1;0;5;50;1;-;62.51;0.00%;-;73.54;0.00%;Sunglasses
S72139637;Ladies' Sunglasses Trussardi TSW3012 5603B;https://www.bigbuy.eu/7735034/ladies-sunglasses-trussardi-tsw3012-5603b_1288162.jpg;-;31;1;0;5;31;1;-;62.51;0.00%;-;73.54;0.00%;Sunglasses
S72139636;Ladies' Sunglasses Trussardi TSW9014 56T01;https://www.bigbuy.eu/7735191/ladies-sunglasses-trussardi-tsw9014-56t01_1288221.jpg;-;50;1;0;5;50;1;-;65.87;0.00%;-;77.49;0.00%;Sunglasses
S72139635;Ladies' Sunglasses Trussardi TSW9012 55D01;https://www.bigbuy.eu/7735041/ladies-sunglasses-trussardi-tsw9012-55d01_1288161.jpg;-;6;1;0;5;6;1;-;65.87;0.00%;-;77.49;0.00%;Sunglasses
S72139619;Ladies' Sunglasses Guess GU7872 5866B;https://www.bigbuy.eu/7735182/ladies-sunglasses-guess-gu7872-5866b_1288217.jpg;-;4;1;0;5;4;1;-;52.41;0.00%;-;63.91;0.00%;Sunglasses
S72139532;Ladies' Sunglasses O'Neill ONS 9014 2-0 55120P;https://www.bigbuy.eu/7735018/ladies-sunglasses-o-neill-ons-9014-2-0-55120p_1288156.jpg;-;2;1;0;5;2;1;-;39.74;0.00%;-;48.46;0.00%;Sunglasses
S72139525;Ladies' Sunglasses O'Neill ONS 9009 2-0 54104P;https://www.bigbuy.eu/7735106/ladies-sunglasses-o-neill-ons-9009-2-0-54104p_1288189.jpg;-;1;1;0;5;1;1;-;40.65;0.00%;-;49.57;0.00%;Sunglasses
S72139519;Ladies' Sunglasses O'Neill ONS 9036 2-0 52161P;https://www.bigbuy.eu/7735083/ladies-sunglasses-o-neill-ons-9036-2-0-52161p_1288180.jpg;-;1;1;0;5;1;1;-;39.74;0.00%;-;48.46;0.00%;Sunglasses
S72139518;Ladies' Sunglasses O'Neill ONS 9036 2-0 52102P;https://www.bigbuy.eu/7735029/ladies-sunglasses-o-neill-ons-9036-2-0-52102p_1288160.jpg;-;1;1;0;5;1;1;-;39.74;0.00%;-;48.46;0.00%;Sunglasses
S72139512;Ladies' Sunglasses O'Neill ONS 9058 2-0 57108P;https://www.bigbuy.eu/7735022/ladies-sunglasses-o-neill-ons-9058-2-0-57108p_1288158.jpg;-;1;1;0;5;1;1;-;39.74;0.00%;-;48.46;0.00%;Sunglasses
S72139496;Ladies' Sunglasses O'Neill ONS 9035 2-0 53102P;https://www.bigbuy.eu/7735020/ladies-sunglasses-o-neill-ons-9035-2-0-53102p_1288157.jpg;-;1;1;0;5;1;1;-;39.74;0.00%;-;48.46;0.00%;Sunglasses
S72139495;Ladies' Sunglasses O'Neill ONS 9034 2-0 57161P;https://www.bigbuy.eu/7734999/ladies-sunglasses-o-neill-ons-9034-2-0-57161p_1288148.jpg;-;2;1;0;5;2;1;-;39.74;0.00%;-;48.46;0.00%;Sunglasses
S72139494;Ladies' Sunglasses O'Neill ONS 9034 2-0 57113P;https://www.bigbuy.eu/7734982/ladies-sunglasses-o-neill-ons-9034-2-0-57113p_1288144.jpg;-;2;1;0;5;2;1;-;39.74;0.00%;-;48.46;0.00%;Sunglasses
S72139493;Ladies' Sunglasses O'Neill ONS 9034 2-0 57102P;https://www.bigbuy.eu/7735031/ladies-sunglasses-o-neill-ons-9034-2-0-57102p_1288163.jpg;-;2;1;0;5;2;1;-;39.74;0.00%;-;48.46;0.00%;Sunglasses
S72139491;Ladies' Sunglasses O'Neill ONS 9033 2-0 56100P;https://www.bigbuy.eu/7735003/ladies-sunglasses-o-neill-ons-9033-2-0-56100p_1288152.jpg;-;2;1;0;5;2;1;-;39.74;0.00%;-;48.46;0.00%;Sunglasses
S72139490;Ladies' Sunglasses O'Neill ONS 9032 2-0 59113P;https://www.bigbuy.eu/7734981/ladies-sunglasses-o-neill-ons-9032-2-0-59113p_1288143.jpg;-;4;1;0;5;4;1;-;39.74;0.00%;-;48.46;0.00%;Sunglasses
S72139486;Ladies' Sunglasses O'Neill ONS 9030 2-0 52100P;https://www.bigbuy.eu/7734968/ladies-sunglasses-o-neill-ons-9030-2-0-52100p_1288137.jpg;-;2;1;0;5;2;1;-;39.74;0.00%;-;48.46;0.00%;Sunglasses
S72139468;Ladies' Sunglasses O'Neill ONS KEALIA 2-0 55161P;https://www.bigbuy.eu/7734960/ladies-sunglasses-o-neill-ons-kealia-2-0-55161p_1288133.jpg;-;1;1;0;5;1;1;-;39.74;0.00%;-;48.46;0.00%;Sunglasses
S72139465;Ladies' Sunglasses O'Neill ONS 9015 2-0 55160P;https://www.bigbuy.eu/7735053/ladies-sunglasses-o-neill-ons-9015-2-0-55160p_1288168.jpg;-;1;1;0;5;1;1;-;39.74;0.00%;-;48.46;0.00%;Sunglasses
S72139464;Ladies' Sunglasses O'Neill ONS 9014 2-0 55105P;https://www.bigbuy.eu/7734952/ladies-sunglasses-o-neill-ons-9014-2-0-55105p_1288132.jpg;-;2;1;0;5;2;1;-;39.74;0.00%;-;48.46;0.00%;Sunglasses
S72139461;Ladies' Sunglasses O'Neill ONS 9012 2-0 53105P;https://www.bigbuy.eu/7734949/ladies-sunglasses-o-neill-ons-9012-2-0-53105p_1288130.jpg;-;2;1;0;5;2;1;-;39.74;0.00%;-;48.46;0.00%;Sunglasses
S72139460;Ladies' Sunglasses O'Neill ONS 9012 2-0 53100P;https://www.bigbuy.eu/7735004/ladies-sunglasses-o-neill-ons-9012-2-0-53100p_1288151.jpg;-;2;1;0;5;2;1;-;39.74;0.00%;-;48.46;0.00%;Sunglasses
S72139459;Ladies' Sunglasses O'Neill ONS 9011 2-0 51104P;https://www.bigbuy.eu/7734964/ladies-sunglasses-o-neill-ons-9011-2-0-51104p_1288135.jpg;-;1;1;0;5;1;1;-;39.74;0.00%;-;48.46;0.00%;Sunglasses
S72139444;Ladies' Sunglasses Bulget BGY9003 50T02P;https://www.bigbuy.eu/7734977/ladies-sunglasses-bulget-bgy9003-50t02p_1288141.jpg;-;12;1;0;5;12;1;-;38.82;0.00%;-;47.34;0.00%;Sunglasses
S72139443;Ladies' Sunglasses Bulget BGY9003 50T01P;https://www.bigbuy.eu/7734961/ladies-sunglasses-bulget-bgy9003-50t01p_1288134.jpg;-;10;1;0;5;10;1;-;38.82;0.00%;-;47.34;0.00%;Sunglasses
S72139442;Ladies' Sunglasses Bulget BGY9003 50A01P;https://www.bigbuy.eu/7734922/ladies-sunglasses-bulget-bgy9003-50a01p_1288105.jpg;-;15;1;0;5;15;1;-;38.82;0.00%;-;47.34;0.00%;Sunglasses
S72139441;Ladies' Sunglasses Bulget BGY9002 49A01P;https://www.bigbuy.eu/7734917/ladies-sunglasses-bulget-bgy9002-49a01p_1288103.jpg;-;22;1;0;5;22;1;-;38.82;0.00%;-;47.34;0.00%;Sunglasses
S72139436;Ladies' Sunglasses Bulget BG9263 55G21;https://www.bigbuy.eu/7734910/ladies-sunglasses-bulget-bg9263-55g21_1288094.jpg;-;20;1;0;5;20;1;-;40.65;0.00%;-;49.57;0.00%;Sunglasses
S72139435;Ladies' Sunglasses Bulget BG9263 55E01;https://www.bigbuy.eu/7734908/ladies-sunglasses-bulget-bg9263-55e01_1288096.jpg;-;21;1;0;5;21;1;-;40.65;0.00%;-;49.57;0.00%;Sunglasses
S72139434;Ladies' Sunglasses Bulget BG9263 55A01;https://www.bigbuy.eu/7734890/ladies-sunglasses-bulget-bg9263-55a01_1288084.jpg;-;50;1;0;5;50;1;-;40.65;0.00%;-;49.57;0.00%;Sunglasses
S72139433;Ladies' Sunglasses Bulget BG9261 53P01;https://www.bigbuy.eu/7734942/ladies-sunglasses-bulget-bg9261-53p01_1288123.jpg;-;33;1;0;5;33;1;-;39.74;0.00%;-;48.46;0.00%;Sunglasses
S72139432;Ladies' Sunglasses Bulget BG9261 53G21;https://www.bigbuy.eu/7734936/ladies-sunglasses-bulget-bg9261-53g21_1288117.jpg;-;21;1;0;5;21;1;-;39.74;0.00%;-;48.46;0.00%;Sunglasses
S72139431;Ladies' Sunglasses Bulget BG9261 53A01;https://www.bigbuy.eu/7734944/ladies-sunglasses-bulget-bg9261-53a01_1288125.jpg;-;37;1;0;5;37;1;-;39.74;0.00%;-;48.46;0.00%;Sunglasses
S72139429;Ladies' Sunglasses Bulget BG9254 54H01;https://www.bigbuy.eu/7734956/ladies-sunglasses-bulget-bg9254-54h01_1288128.jpg;-;10;1;0;5;10;1;-;40.65;0.00%;-;49.57;0.00%;Sunglasses
S72139428;Ladies' Sunglasses Bulget BG9254 54E01;https://www.bigbuy.eu/7734933/ladies-sunglasses-bulget-bg9254-54e01_1288114.jpg;-;7;1;0;5;7;1;-;40.65;0.00%;-;49.57;0.00%;Sunglasses
S72139427;Ladies' Sunglasses Bulget BG9253 55T01;https://www.bigbuy.eu/7734919/ladies-sunglasses-bulget-bg9253-55t01_1288104.jpg;-;31;1;0;5;31;1;-;40.65;0.00%;-;49.57;0.00%;Sunglasses
S72139426;Ladies' Sunglasses Bulget BG9253 55E02;https://www.bigbuy.eu/7734938/ladies-sunglasses-bulget-bg9253-55e02_1288119.jpg;-;10;1;0;5;10;1;-;40.65;0.00%;-;49.57;0.00%;Sunglasses
S72139425;Ladies' Sunglasses Bulget BG9253 55E01;https://www.bigbuy.eu/7734889/ladies-sunglasses-bulget-bg9253-55e01_1288078.jpg;-;35;1;0;5;35;1;-;40.65;0.00%;-;49.57;0.00%;Sunglasses
S72139424;Ladies' Sunglasses Bulget BG9252 56T02;https://www.bigbuy.eu/7734909/ladies-sunglasses-bulget-bg9252-56t02_1288095.jpg;-;22;1;0;5;22;1;-;39.74;0.00%;-;48.46;0.00%;Sunglasses
S72139423;Ladies' Sunglasses Bulget BG9252 56H01;https://www.bigbuy.eu/7735089/ladies-sunglasses-bulget-bg9252-56h01_1288183.jpg;-;12;1;0;5;12;1;-;39.74;0.00%;-;48.46;0.00%;Sunglasses
S72139422;Ladies' Sunglasses Bulget BG9252 56G21;https://www.bigbuy.eu/7734928/ladies-sunglasses-bulget-bg9252-56g21_1288111.jpg;-;26;1;0;5;26;1;-;39.74;0.00%;-;48.46;0.00%;Sunglasses
S72139421;Ladies' Sunglasses Bulget BG9252 56A01;https://www.bigbuy.eu/7735075/ladies-sunglasses-bulget-bg9252-56a01_1288140.jpg;-;50;1;0;5;50;1;-;39.74;0.00%;-;48.46;0.00%;Sunglasses
S72139418;Ladies' Sunglasses Bulget BG9249 55T01;https://www.bigbuy.eu/7734874/ladies-sunglasses-bulget-bg9249-55t01_1288074.jpg;-;15;1;0;5;15;1;-;40.65;0.00%;-;49.57;0.00%;Sunglasses
S72139417;Ladies' Sunglasses Bulget BG9249 55E03;https://www.bigbuy.eu/7734921/ladies-sunglasses-bulget-bg9249-55e03_1288107.jpg;-;7;1;0;5;7;1;-;40.65;0.00%;-;49.57;0.00%;Sunglasses
S72139415;Ladies' Sunglasses Bulget BG9248 52H01;https://www.bigbuy.eu/7734875/ladies-sunglasses-bulget-bg9248-52h01_1288073.jpg;-;24;1;0;5;24;1;-;39.74;0.00%;-;48.46;0.00%;Sunglasses
S72139414;Ladies' Sunglasses Bulget BG9248 52A01;https://www.bigbuy.eu/7734894/ladies-sunglasses-bulget-bg9248-52a01_1288085.jpg;-;5;1;0;5;5;1;-;39.74;0.00%;-;48.46;0.00%;Sunglasses
S72139413;Ladies' Sunglasses Bulget BG9247 52H02;https://www.bigbuy.eu/7734940/ladies-sunglasses-bulget-bg9247-52h02_1288121.jpg;-;22;1;0;5;22;1;-;40.65;0.00%;-;49.57;0.00%;Sunglasses
S72139412;Ladies' Sunglasses Bulget BG9247 52H01;https://www.bigbuy.eu/7734937/ladies-sunglasses-bulget-bg9247-52h01_1288118.jpg;-;12;1;0;5;12;1;-;40.65;0.00%;-;49.57;0.00%;Sunglasses
S72139410;Ladies' Sunglasses Bulget BG9246 58E01;https://www.bigbuy.eu/7734918/ladies-sunglasses-bulget-bg9246-58e01_1288102.jpg;-;5;1;0;5;5;1;-;40.65;0.00%;-;49.57;0.00%;Sunglasses
S72139409;Ladies' Sunglasses Bulget BG9245 55T01;https://www.bigbuy.eu/7734934/ladies-sunglasses-bulget-bg9245-55t01_1288115.jpg;-;22;1;0;5;22;1;-;40.65;0.00%;-;49.57;0.00%;Sunglasses
S72139403;Ladies' Sunglasses Bulget BG9238 50H01;https://www.bigbuy.eu/7734905/ladies-sunglasses-bulget-bg9238-50h01_1288092.jpg;-;33;1;0;5;33;1;-;39.74;0.00%;-;48.46;0.00%;Sunglasses
S72139402;Ladies' Sunglasses Bulget BG9236 52H02;https://www.bigbuy.eu/7734891/ladies-sunglasses-bulget-bg9236-52h02_1288083.jpg;-;20;1;0;5;20;1;-;39.74;0.00%;-;48.46;0.00%;Sunglasses
S72139401;Ladies' Sunglasses Bulget BG9236 52H01;https://www.bigbuy.eu/7734907/ladies-sunglasses-bulget-bg9236-52h01_1288097.jpg;-;5;1;0;5;5;1;-;39.74;0.00%;-;48.46;0.00%;Sunglasses
S72139400;Ladies' Sunglasses Bulget BG9236 52G21P;https://www.bigbuy.eu/7734876/ladies-sunglasses-bulget-bg9236-52g21p_1288075.jpg;-;43;1;0;5;43;1;-;39.74;0.00%;-;48.46;0.00%;Sunglasses
S72139399;Ladies' Sunglasses Bulget BG9236 52A01P;https://www.bigbuy.eu/7734881/ladies-sunglasses-bulget-bg9236-52a01p_1288081.jpg;-;8;1;0;5;8;1;-;39.74;0.00%;-;48.46;0.00%;Sunglasses
S72139398;Ladies' Sunglasses Bulget BG9235 53C01;https://www.bigbuy.eu/7735070/ladies-sunglasses-bulget-bg9235-53c01_1288175.jpg;-;33;1;0;5;33;1;-;40.65;0.00%;-;49.57;0.00%;Sunglasses
S72139394;Ladies' Sunglasses Bulget BG9228 56H03;https://www.bigbuy.eu/7735059/ladies-sunglasses-bulget-bg9228-56h03_1288169.jpg;-;39;1;0;5;39;1;-;40.65;0.00%;-;49.57;0.00%;Sunglasses
S72139393;Ladies' Sunglasses Bulget BG9228 56H01;https://www.bigbuy.eu/7734864/ladies-sunglasses-bulget-bg9228-56h01_1288069.jpg;-;32;1;0;5;32;1;-;40.65;0.00%;-;49.57;0.00%;Sunglasses
S72139392;Ladies' Sunglasses Bulget BG9227 55H01;https://www.bigbuy.eu/7735028/ladies-sunglasses-bulget-bg9227-55h01_1288159.jpg;-;18;1;0;5;18;1;-;40.65;0.00%;-;49.57;0.00%;Sunglasses
S72139389;Ladies' Sunglasses Bulget BG9224 52T01;https://www.bigbuy.eu/7735000/ladies-sunglasses-bulget-bg9224-52t01_1288149.jpg;-;12;1;0;5;12;1;-;40.65;0.00%;-;49.57;0.00%;Sunglasses
S72139384;Ladies' Sunglasses Bulget BG9201 55C02;https://www.bigbuy.eu/7734897/ladies-sunglasses-bulget-bg9201-55c02_1288088.jpg;-;2;1;0;5;2;1;-;40.65;0.00%;-;49.57;0.00%;Sunglasses
S72139382;Ladies' Sunglasses Bulget BG3369 5706A;https://www.bigbuy.eu/7734953/ladies-sunglasses-bulget-bg3369-5706a_1288129.jpg;-;50;1;0;5;50;1;-;40.65;0.00%;-;49.57;0.00%;Sunglasses
S72139380;Ladies' Sunglasses Bulget BG3368 5709A;https://www.bigbuy.eu/7734943/ladies-sunglasses-bulget-bg3368-5709a_1288124.jpg;-;13;1;0;5;13;1;-;39.74;0.00%;-;48.46;0.00%;Sunglasses
S72139379;Ladies' Sunglasses Bulget BG3368 5706A;https://www.bigbuy.eu/7734941/ladies-sunglasses-bulget-bg3368-5706a_1288122.jpg;-;10;1;0;5;10;1;-;39.74;0.00%;-;48.46;0.00%;Sunglasses
S72139377;Ladies' Sunglasses Bulget BG3367 6005A;https://www.bigbuy.eu/7734939/ladies-sunglasses-bulget-bg3367-6005a_1288120.jpg;-;48;1;0;5;48;1;-;40.65;0.00%;-;49.57;0.00%;Sunglasses
S72139376;Ladies' Sunglasses Bulget BG3367 6003A;https://www.bigbuy.eu/7734935/ladies-sunglasses-bulget-bg3367-6003a_1288116.jpg;-;16;1;0;5;16;1;-;40.65;0.00%;-;49.57;0.00%;Sunglasses
S72139373;Ladies' Sunglasses Bulget BG3358 5104A;https://www.bigbuy.eu/7734854/ladies-sunglasses-bulget-bg3358-5104a_1288065.jpg;-;50;1;0;5;50;1;-;40.65;0.00%;-;49.57;0.00%;Sunglasses
S72139372;Ladies' Sunglasses Bulget BG3358 5103A;https://www.bigbuy.eu/7734929/ladies-sunglasses-bulget-bg3358-5103a_1288112.jpg;-;33;1;0;5;33;1;-;40.65;0.00%;-;49.57;0.00%;Sunglasses
S72139371;Ladies' Sunglasses Bulget BG3357 5912A;https://www.bigbuy.eu/7734925/ladies-sunglasses-bulget-bg3357-5912a_1288109.jpg;-;22;1;0;5;22;1;-;40.65;0.00%;-;49.57;0.00%;Sunglasses
S72139370;Ladies' Sunglasses Bulget BG3357 5901A;https://www.bigbuy.eu/7734898/ladies-sunglasses-bulget-bg3357-5901a_1288089.jpg;-;8;1;0;5;8;1;-;40.65;0.00%;-;49.57;0.00%;Sunglasses
S72139369;Ladies' Sunglasses Bulget BG3354 5206A;https://www.bigbuy.eu/7734887/ladies-sunglasses-bulget-bg3354-5206a_1288082.jpg;-;47;1;0;5;47;1;-;40.65;0.00%;-;49.57;0.00%;Sunglasses
S72139368;Ladies' Sunglasses Bulget BG3354 5204AP;https://www.bigbuy.eu/7734804/ladies-sunglasses-bulget-bg3354-5204ap_1288046.jpg;-;50;1;0;5;50;1;-;40.65;0.00%;-;49.57;0.00%;Sunglasses
S72139366;Ladies' Sunglasses Bulget BG3351 54P04;https://www.bigbuy.eu/7735027/ladies-sunglasses-bulget-bg3351-54p04_1288053.jpg;-;10;1;0;5;10;1;-;40.65;0.00%;-;49.57;0.00%;Sunglasses
S72139364;Ladies' Sunglasses Bulget BG3327 59G22;https://www.bigbuy.eu/7734815/ladies-sunglasses-bulget-bg3327-59g22_1288049.jpg;-;15;1;0;5;15;1;-;40.65;0.00%;-;49.57;0.00%;Sunglasses
S72139362;Ladies' Sunglasses Bulget BG3326 59G22;https://www.bigbuy.eu/7734880/ladies-sunglasses-bulget-bg3326-59g22_1288077.jpg;-;50;1;0;5;50;1;-;40.65;0.00%;-;49.57;0.00%;Sunglasses
S72139361;Ladies' Sunglasses Bulget BG3326 59G21;https://www.bigbuy.eu/7734896/ladies-sunglasses-bulget-bg3326-59g21_1288087.jpg;-;32;1;0;5;32;1;-;40.65;0.00%;-;49.57;0.00%;Sunglasses
S72139331;Ladies' Sunglasses Guess by Marciano GM00017 5321B;https://www.bigbuy.eu/7734892/ladies-sunglasses-guess-by-marciano-gm00017-5321b_1288086.jpg;-;4;1;0;5;4;1;-;62.51;0.00%;-;73.54;0.00%;Sunglasses
S72139330;Ladies' Sunglasses Guess by Marciano GM00013 5989W;https://www.bigbuy.eu/7734837/ladies-sunglasses-guess-by-marciano-gm00013-5989w_1288058.jpg;-;13;1;0;5;13;1;-;62.51;0.00%;-;73.54;0.00%;Sunglasses
S72139329;Ladies' Sunglasses Guess by Marciano GM00013 5944F;https://www.bigbuy.eu/7734831/ladies-sunglasses-guess-by-marciano-gm00013-5944f_1288057.jpg;-;14;1;0;5;14;1;-;62.51;0.00%;-;73.54;0.00%;Sunglasses
S72139327;Ladies' Sunglasses Guess by Marciano GM00009 5874F;https://www.bigbuy.eu/7734826/ladies-sunglasses-guess-by-marciano-gm00009-5874f_1288054.jpg;-;4;1;0;5;4;1;-;62.51;0.00%;-;73.54;0.00%;Sunglasses
S72139326;Ladies' Sunglasses Guess by Marciano GM00007 5425F;https://www.bigbuy.eu/7734865/ladies-sunglasses-guess-by-marciano-gm00007-5425f_1288070.jpg;-;1;1;0;5;1;1;-;62.51;0.00%;-;73.54;0.00%;Sunglasses
S72139325;Ladies' Sunglasses Guess by Marciano GM00007 5401B;https://www.bigbuy.eu/7734842/ladies-sunglasses-guess-by-marciano-gm00007-5401b_1288063.jpg;-;7;1;0;5;7;1;-;62.51;0.00%;-;73.54;0.00%;Sunglasses
S72139324;Ladies' Sunglasses Guess by Marciano GM00017 5320B;https://www.bigbuy.eu/7734817/ladies-sunglasses-guess-by-marciano-gm00017-5320b_1288050.jpg;-;6;1;0;5;6;1;-;62.51;0.00%;-;73.54;0.00%;Sunglasses
S72139323;Ladies' Sunglasses Guess by Marciano GM00015 5498F;https://www.bigbuy.eu/7734795/ladies-sunglasses-guess-by-marciano-gm00015-5498f_1288043.jpg;-;7;1;0;5;7;1;-;62.51;0.00%;-;73.54;0.00%;Sunglasses
S72139212;Ladies' Sunglasses Replay RY654S 5303;https://www.bigbuy.eu/7734780/ladies-sunglasses-replay-ry654s-5303_1288038.jpg;-;10;1;0;5;10;1;-;47.21;0.00%;-;57.57;0.00%;Sunglasses
S72139209;Ladies' Sunglasses Replay RY645S 5302;https://www.bigbuy.eu/7734771/ladies-sunglasses-replay-ry645s-5302_1288034.jpg;-;12;1;0;5;12;1;-;47.21;0.00%;-;57.57;0.00%;Sunglasses
S72139208;Ladies' Sunglasses Replay RY645S 5301;https://www.bigbuy.eu/7734900/ladies-sunglasses-replay-ry645s-5301_1288091.jpg;-;10;1;0;5;10;1;-;47.21;0.00%;-;57.57;0.00%;Sunglasses
S72139207;Ladies' Sunglasses Replay RY644S 5602;https://www.bigbuy.eu/7734882/ladies-sunglasses-replay-ry644s-5602_1288079.jpg;-;6;1;0;5;6;1;-;47.21;0.00%;-;57.57;0.00%;Sunglasses
S72139206;Ladies' Sunglasses Replay RY644S 5601;https://www.bigbuy.eu/7734930/ladies-sunglasses-replay-ry644s-5601_1288113.jpg;-;9;1;0;5;9;1;-;47.21;0.00%;-;57.57;0.00%;Sunglasses
S72139196;Ladies' Sunglasses Replay RY621S 5304;https://www.bigbuy.eu/7734923/ladies-sunglasses-replay-ry621s-5304_1288108.jpg;-;26;1;0;5;26;1;-;46.07;0.00%;-;56.18;0.00%;Sunglasses
S72139191;Ladies' Sunglasses Replay RY676S 52H01;https://www.bigbuy.eu/7734776/ladies-sunglasses-replay-ry676s-52h01_1288036.jpg;-;21;1;0;5;21;1;-;46.07;0.00%;-;56.18;0.00%;Sunglasses
S72139189;Ladies' Sunglasses Replay RY673S 50H02;https://www.bigbuy.eu/7734744/ladies-sunglasses-replay-ry673s-50h02_1288024.jpg;-;26;1;0;5;26;1;-;46.07;0.00%;-;56.18;0.00%;Sunglasses
S72139182;Ladies' Sunglasses Replay RY665S 58R02;https://www.bigbuy.eu/7734790/ladies-sunglasses-replay-ry665s-58r02_1288041.jpg;-;5;1;0;5;5;1;-;46.07;0.00%;-;56.18;0.00%;Sunglasses
S72139181;Ladies' Sunglasses Replay RY665S 58R01;https://www.bigbuy.eu/7734737/ladies-sunglasses-replay-ry665s-58r01_1288022.jpg;-;16;1;0;5;16;1;-;46.07;0.00%;-;56.18;0.00%;Sunglasses
S72139178;Ladies' Sunglasses Replay RY663S 53R02;https://www.bigbuy.eu/7734765/ladies-sunglasses-replay-ry663s-53r02_1288033.jpg;-;3;1;0;5;3;1;-;46.07;0.00%;-;56.18;0.00%;Sunglasses
S72139177;Ladies' Sunglasses Replay RY663S 53R01;https://www.bigbuy.eu/7734753/ladies-sunglasses-replay-ry663s-53r01_1288029.jpg;-;5;1;0;5;5;1;-;46.07;0.00%;-;56.18;0.00%;Sunglasses
S72139175;Ladies' Sunglasses Replay RY646 53S03;https://www.bigbuy.eu/7734730/ladies-sunglasses-replay-ry646-53s03_1288021.jpg;-;46;1;0;5;46;1;-;47.21;0.00%;-;57.57;0.00%;Sunglasses
S72139170;Ladies' Sunglasses Replay RY626 52S04;https://www.bigbuy.eu/7734740/ladies-sunglasses-replay-ry626-52s04_1288023.jpg;-;17;1;0;5;17;1;-;46.07;0.00%;-;56.18;0.00%;Sunglasses
S72139167;Ladies' Sunglasses Replay RY617 60S04;https://www.bigbuy.eu/7734722/ladies-sunglasses-replay-ry617-60s04_1288019.jpg;-;15;1;0;5;15;1;-;46.07;0.00%;-;56.18;0.00%;Sunglasses
S72139166;Ladies' Sunglasses Replay RY617 60S02;https://www.bigbuy.eu/7734751/ladies-sunglasses-replay-ry617-60s02_1288026.jpg;-;39;1;0;5;39;1;-;46.07;0.00%;-;56.18;0.00%;Sunglasses
S72139165;Ladies' Sunglasses Replay RY582S 56H04;https://www.bigbuy.eu/7734700/ladies-sunglasses-replay-ry582s-56h04_1288009.jpg;-;6;1;0;5;6;1;-;47.21;0.00%;-;57.57;0.00%;Sunglasses
S72139164;Ladies' Sunglasses Replay RY582 57S03;https://www.bigbuy.eu/7734710/ladies-sunglasses-replay-ry582-57s03_1288013.jpg;-;5;1;0;5;5;1;-;47.21;0.00%;-;57.57;0.00%;Sunglasses
S72139163;Ladies' Sunglasses Replay RY582 57S01;https://www.bigbuy.eu/7734690/ladies-sunglasses-replay-ry582-57s01_1288006.jpg;-;3;1;0;5;3;1;-;47.21;0.00%;-;57.57;0.00%;Sunglasses
S72139162;Ladies' Sunglasses Replay RY474V 5303S;https://www.bigbuy.eu/7734718/ladies-sunglasses-replay-ry474v-5303s_1288017.jpg;-;10;1;0;5;10;1;-;46.07;0.00%;-;56.18;0.00%;Sunglasses
S72139161;Ladies' Sunglasses Replay RY474V 5302S;https://www.bigbuy.eu/7734743/ladies-sunglasses-replay-ry474v-5302s_1288025.jpg;-;3;1;0;5;3;1;-;46.07;0.00%;-;56.18;0.00%;Sunglasses
S72139160;Ladies' Sunglasses Replay RY474V 5301S;https://www.bigbuy.eu/7734683/ladies-sunglasses-replay-ry474v-5301s_1288004.jpg;-;1;1;0;5;1;1;-;46.07;0.00%;-;56.18;0.00%;Sunglasses
S72139159;Ladies' Sunglasses Replay RY473V 5303S;https://www.bigbuy.eu/7734716/ladies-sunglasses-replay-ry473v-5303s_1288014.jpg;-;6;1;0;5;6;1;-;46.07;0.00%;-;56.18;0.00%;Sunglasses
S72139151;Ladies' Sunglasses Replay RY468V 5503S;https://www.bigbuy.eu/7734682/ladies-sunglasses-replay-ry468v-5503s_1288003.jpg;-;1;1;0;5;1;1;-;46.07;0.00%;-;56.18;0.00%;Sunglasses
S72139150;Ladies' Sunglasses Replay RY468V 5501S;https://www.bigbuy.eu/7734643/ladies-sunglasses-replay-ry468v-5501s_1287991.jpg;-;2;1;0;5;2;1;-;46.07;0.00%;-;56.18;0.00%;Sunglasses
S72139143;Ladies' Sunglasses Replay RY295V 5703S;https://www.bigbuy.eu/7734673/ladies-sunglasses-replay-ry295v-5703s_1287999.jpg;-;9;1;0;5;9;1;-;46.07;0.00%;-;56.18;0.00%;Sunglasses
S72139140;Ladies' Sunglasses Replay RY292V 5403S;https://www.bigbuy.eu/7734649/ladies-sunglasses-replay-ry292v-5403s_1287990.jpg;-;13;1;0;5;13;1;-;46.07;0.00%;-;56.18;0.00%;Sunglasses
S72139139;Ladies' Sunglasses Replay RY292V 5401S;https://www.bigbuy.eu/7734709/ladies-sunglasses-replay-ry292v-5401s_1288012.jpg;-;11;1;0;5;11;1;-;46.07;0.00%;-;56.18;0.00%;Sunglasses
S72139138;Ladies' Sunglasses Replay RY290V 5704S;https://www.bigbuy.eu/7734762/ladies-sunglasses-replay-ry290v-5704s_1288031.jpg;-;11;1;0;5;11;1;-;46.07;0.00%;-;56.18;0.00%;Sunglasses
S72139137;Ladies' Sunglasses Replay RY290V 5702S;https://www.bigbuy.eu/7734727/ladies-sunglasses-replay-ry290v-5702s_1288018.jpg;-;11;1;0;5;11;1;-;46.07;0.00%;-;56.18;0.00%;Sunglasses
S72139136;Ladies' Sunglasses Replay RY290V 5701S;https://www.bigbuy.eu/7734855/ladies-sunglasses-replay-ry290v-5701s_1288066.jpg;-;12;1;0;5;12;1;-;46.07;0.00%;-;56.18;0.00%;Sunglasses
S72139132;Ladies' Sunglasses Replay RY275V 5403S;https://www.bigbuy.eu/7734846/ladies-sunglasses-replay-ry275v-5403s_1288061.jpg;-;12;1;0;5;12;1;-;46.07;0.00%;-;56.18;0.00%;Sunglasses
S72139131;Ladies' Sunglasses Replay RY275V 5402S;https://www.bigbuy.eu/7734646/ladies-sunglasses-replay-ry275v-5402s_1287993.jpg;-;2;1;0;5;2;1;-;46.07;0.00%;-;56.18;0.00%;Sunglasses
S72139130;Ladies' Sunglasses Replay RY271C 5404S;https://www.bigbuy.eu/7734635/ladies-sunglasses-replay-ry271c-5404s_1287985.jpg;-;4;1;0;5;4;1;-;46.07;0.00%;-;56.18;0.00%;Sunglasses
S72139127;Ladies' Sunglasses Replay RY268V 5603S;https://www.bigbuy.eu/7734628/ladies-sunglasses-replay-ry268v-5603s_1287984.jpg;-;4;1;0;5;4;1;-;46.07;0.00%;-;56.18;0.00%;Sunglasses
S72139126;Ladies' Sunglasses Replay RY232S 58H06;https://www.bigbuy.eu/7734631/ladies-sunglasses-replay-ry232s-58h06_1287986.jpg;-;4;1;0;5;4;1;-;46.07;0.00%;-;56.18;0.00%;Sunglasses
S72139125;Ladies' Sunglasses Replay RY232S 58H05;https://www.bigbuy.eu/7734610/ladies-sunglasses-replay-ry232s-58h05_1287978.jpg;-;1;1;0;5;1;1;-;46.07;0.00%;-;56.18;0.00%;Sunglasses
S72139123;Ladies' Sunglasses GCDS GD0059 5466S;https://www.bigbuy.eu/7734678/ladies-sunglasses-gcds-gd0059-5466s_1288001.jpg;-;6;1;0;5;6;1;-;63.91;0.00%;-;75.19;0.00%;Sunglasses
S72139120;Ladies' Sunglasses GCDS GD0055 5652E;https://www.bigbuy.eu/7734614/ladies-sunglasses-gcds-gd0055-5652e_1287979.jpg;-;4;1;0;5;4;1;-;63.91;0.00%;-;75.19;0.00%;Sunglasses
S72139009;Ladies' Sunglasses Superdry SDS 5013 52172;https://www.bigbuy.eu/7734822/ladies-sunglasses-superdry-sds-5013-52172_1288052.jpg;-;14;1;0;5;14;1;-;37.97;0.00%;-;47.46;0.00%;Sunglasses
S72139008;Ladies' Sunglasses Superdry SDS 5013 52152;https://www.bigbuy.eu/7734579/ladies-sunglasses-superdry-sds-5013-52152_1287970.jpg;-;30;1;0;5;30;1;-;37.97;0.00%;-;47.46;0.00%;Sunglasses
S72139002;Ladies' Sunglasses Superdry SDS 5037 46127;https://www.bigbuy.eu/7734616/ladies-sunglasses-superdry-sds-5037-46127_1287980.jpg;-;8;1;0;5;8;1;-;37.97;0.00%;-;47.46;0.00%;Sunglasses
S72139001;Ladies' Sunglasses Superdry SDS 5037 46120;https://www.bigbuy.eu/7734586/ladies-sunglasses-superdry-sds-5037-46120_1287972.jpg;-;10;1;0;5;10;1;-;37.97;0.00%;-;47.46;0.00%;Sunglasses
S72139000;Ladies' Sunglasses Superdry SDS 5037 46102;https://www.bigbuy.eu/7734593/ladies-sunglasses-superdry-sds-5037-46102_1287976.jpg;-;8;1;0;5;8;1;-;37.97;0.00%;-;47.46;0.00%;Sunglasses
S72138989;Ladies' Sunglasses Superdry SDS 5026 55118;https://www.bigbuy.eu/7734544/ladies-sunglasses-superdry-sds-5026-55118_1287958.jpg;-;6;1;0;5;6;1;-;37.97;0.00%;-;47.46;0.00%;Sunglasses
S72138988;Ladies' Sunglasses Superdry SDS 5026 55107;https://www.bigbuy.eu/7734577/ladies-sunglasses-superdry-sds-5026-55107_1287969.jpg;-;10;1;0;5;10;1;-;37.97;0.00%;-;47.46;0.00%;Sunglasses
S72138987;Ladies' Sunglasses Superdry SDS 5026 55104;https://www.bigbuy.eu/7734559/ladies-sunglasses-superdry-sds-5026-55104_1287963.jpg;-;11;1;0;5;11;1;-;37.97;0.00%;-;47.46;0.00%;Sunglasses
S72138986;Ladies' Sunglasses Superdry SDS 5025 50162;https://www.bigbuy.eu/7734542/ladies-sunglasses-superdry-sds-5025-50162_1287959.jpg;-;15;1;0;5;15;1;-;37.97;0.00%;-;47.46;0.00%;Sunglasses
S72138985;Ladies' Sunglasses Superdry SDS 5025 50118;https://www.bigbuy.eu/7734697/ladies-sunglasses-superdry-sds-5025-50118_1288008.jpg;-;24;1;0;5;24;1;-;37.97;0.00%;-;47.46;0.00%;Sunglasses
S72138984;Ladies' Sunglasses Superdry SDS 5022 56162;https://www.bigbuy.eu/7734512/ladies-sunglasses-superdry-sds-5022-56162_1287946.jpg;-;18;1;0;5;18;1;-;37.97;0.00%;-;47.46;0.00%;Sunglasses
S72138983;Ladies' Sunglasses Superdry SDS 5022 56108;https://www.bigbuy.eu/7734877/ladies-sunglasses-superdry-sds-5022-56108_1288076.jpg;-;2;1;0;5;2;1;-;37.97;0.00%;-;47.46;0.00%;Sunglasses
S72138982;Ladies' Sunglasses Superdry SDS 5022 56104;https://www.bigbuy.eu/7734870/ladies-sunglasses-superdry-sds-5022-56104_1288072.jpg;-;7;1;0;5;7;1;-;37.97;0.00%;-;47.46;0.00%;Sunglasses
S72138981;Ladies' Sunglasses Superdry SDS 5020 53120;https://www.bigbuy.eu/7734857/ladies-sunglasses-superdry-sds-5020-53120_1288067.jpg;-;3;1;0;5;3;1;-;37.97;0.00%;-;47.46;0.00%;Sunglasses
S72138980;Ladies' Sunglasses Superdry SDS 5020 53105;https://www.bigbuy.eu/7734843/ladies-sunglasses-superdry-sds-5020-53105_1288062.jpg;-;3;1;0;5;3;1;-;37.97;0.00%;-;47.46;0.00%;Sunglasses
S72138979;Ladies' Sunglasses Superdry SDS 5020 53104;https://www.bigbuy.eu/7734805/ladies-sunglasses-superdry-sds-5020-53104_1288047.jpg;-;26;1;0;5;26;1;-;37.97;0.00%;-;47.46;0.00%;Sunglasses
S72138978;Ladies' Sunglasses Superdry SDS 5010 53163P;https://www.bigbuy.eu/7734778/ladies-sunglasses-superdry-sds-5010-53163p_1288037.jpg;-;11;1;0;5;11;1;-;37.97;0.00%;-;47.46;0.00%;Sunglasses
S72138977;Ladies' Sunglasses Superdry SDS 5010 53108P;https://www.bigbuy.eu/7734752/ladies-sunglasses-superdry-sds-5010-53108p_1288028.jpg;-;16;1;0;5;16;1;-;37.97;0.00%;-;47.46;0.00%;Sunglasses
S72138976;Ladies' Sunglasses Superdry SDS 5010 53106P;https://www.bigbuy.eu/7734538/ladies-sunglasses-superdry-sds-5010-53106p_1287956.jpg;-;12;1;0;5;12;1;-;37.97;0.00%;-;47.46;0.00%;Sunglasses
S72138975;Ladies' Sunglasses Superdry SDS 5010 53104P;https://www.bigbuy.eu/7734728/ladies-sunglasses-superdry-sds-5010-53104p_1288020.jpg;-;14;1;0;5;14;1;-;37.97;0.00%;-;47.46;0.00%;Sunglasses
S72138952;Ladies' Sunglasses Superdry SDS 5008 50162;https://www.bigbuy.eu/7734899/ladies-sunglasses-superdry-sds-5008-50162_1288090.jpg;-;1;1;0;5;1;1;-;37.97;0.00%;-;47.46;0.00%;Sunglasses
S72138951;Ladies' Sunglasses Superdry SDS 5008 50107;https://www.bigbuy.eu/7734703/ladies-sunglasses-superdry-sds-5008-50107_1288010.jpg;-;17;1;0;5;17;1;-;37.97;0.00%;-;47.46;0.00%;Sunglasses
S72138950;Ladies' Sunglasses Superdry SDS 5008 50104;https://www.bigbuy.eu/7734676/ladies-sunglasses-superdry-sds-5008-50104_1288000.jpg;-;11;1;0;5;11;1;-;37.97;0.00%;-;47.46;0.00%;Sunglasses
S72138949;Ladies' Sunglasses Superdry SDS 5008 50102;https://www.bigbuy.eu/7734526/ladies-sunglasses-superdry-sds-5008-50102_1287951.jpg;-;11;1;0;5;11;1;-;37.97;0.00%;-;47.46;0.00%;Sunglasses
S72138947;Ladies' Sunglasses Superdry SDS 5007 51161;https://www.bigbuy.eu/7734508/ladies-sunglasses-superdry-sds-5007-51161_1287947.jpg;-;2;1;0;5;2;1;-;37.97;0.00%;-;47.46;0.00%;Sunglasses
S72138946;Ladies' Sunglasses Superdry SDS 5007 51151;https://www.bigbuy.eu/7734618/ladies-sunglasses-superdry-sds-5007-51151_1287981.jpg;-;2;1;0;5;2;1;-;37.97;0.00%;-;47.46;0.00%;Sunglasses
S72138945;Ladies' Sunglasses Superdry SDS 5006 50162;https://www.bigbuy.eu/7734883/ladies-sunglasses-superdry-sds-5006-50162_1288080.jpg;-;7;1;0;5;7;1;-;37.97;0.00%;-;47.46;0.00%;Sunglasses
S72138937;Ladies' Sunglasses Superdry SDS STUDIOSADIE 58272;https://www.bigbuy.eu/7734866/ladies-sunglasses-superdry-sds-studiosadie-58272_1288071.jpg;-;3;1;0;5;3;1;-;37.14;0.00%;-;46.43;0.00%;Sunglasses
S72138935;Ladies' Sunglasses Superdry SDS STUDIOSADIE 58002;https://www.bigbuy.eu/7734844/ladies-sunglasses-superdry-sds-studiosadie-58002_1288064.jpg;-;2;1;0;5;2;1;-;37.14;0.00%;-;46.43;0.00%;Sunglasses
S72138933;Ladies' Sunglasses Superdry SDS XPIXIE 53104;https://www.bigbuy.eu/7734832/ladies-sunglasses-superdry-sds-xpixie-53104_1288056.jpg;-;13;1;0;5;13;1;-;37.14;0.00%;-;46.43;0.00%;Sunglasses
S72138880;Ladies' Sunglasses Ted Baker TB1186 60022;https://www.bigbuy.eu/7734691/ladies-sunglasses-ted-baker-tb1186-60022_1288005.jpg;-;44;1;0;5;44;1;-;49.22;0.00%;-;60.02;0.00%;Sunglasses
S72138863;Ladies' Sunglasses MAX&Co MO0076 5555F;https://www.bigbuy.eu/7734806/ladies-sunglasses-max-co-mo0076-5555f_1287952.jpg;-;1;1;0;5;1;1;-;52.41;0.00%;-;63.91;0.00%;Sunglasses
S72138862;Ladies' Sunglasses MAX&Co MO0076 5501B;https://www.bigbuy.eu/7734644/ladies-sunglasses-max-co-mo0076-5501b_1287989.jpg;-;3;1;0;5;3;1;-;52.41;0.00%;-;63.91;0.00%;Sunglasses
S72138861;Men's Sunglasses MAX&Co MO0075 5572B;https://www.bigbuy.eu/7734486/men-s-sunglasses-max-co-mo0075-5572b_1287934.jpg;-;13;1;0;5;13;1;-;52.41;0.00%;-;63.91;0.00%;Sunglasses
S72138859;Ladies' Sunglasses MAX&Co MO0072 5633B;https://www.bigbuy.eu/7734474/ladies-sunglasses-max-co-mo0072-5633b_1287932.jpg;-;24;1;0;5;24;1;-;52.41;0.00%;-;63.91;0.00%;Sunglasses
S72138858;Ladies' Sunglasses MAX&Co MO0060 5833B;https://www.bigbuy.eu/7734529/ladies-sunglasses-max-co-mo0060-5833b_1287954.jpg;-;20;1;0;5;20;1;-;52.41;0.00%;-;63.91;0.00%;Sunglasses
S72138857;Ladies' Sunglasses MAX&Co MO0026 5733B;https://www.bigbuy.eu/7734802/ladies-sunglasses-max-co-mo0026-5733b_1288045.jpg;-;20;1;0;5;20;1;-;52.41;0.00%;-;63.91;0.00%;Sunglasses
S72138856;Ladies' Sunglasses MAX&Co MO0098 5301A;https://www.bigbuy.eu/7734494/ladies-sunglasses-max-co-mo0098-5301a_1287940.jpg;-;22;1;0;5;22;1;-;51.02;0.00%;-;62.22;0.00%;Sunglasses
S72138734;Ladies' Sunglasses Andy Wolf VIRGINIA 57C;https://www.bigbuy.eu/7734626/ladies-sunglasses-andy-wolf-virginia-57c_1287983.jpg;-;1;1;0;5;1;1;-;47.21;0.00%;-;57.57;0.00%;Sunglasses
S72138732;Ladies' Sunglasses Andy Wolf TATI B- 48F;https://www.bigbuy.eu/7734774/ladies-sunglasses-andy-wolf-tati-b-48f_1288035.jpg;-;3;1;0;5;3;1;-;47.21;0.00%;-;57.57;0.00%;Sunglasses
S72138731;Ladies' Sunglasses Andy Wolf SUSAN 56C;https://www.bigbuy.eu/7734749/ladies-sunglasses-andy-wolf-susan-56c_1288027.jpg;-;1;1;0;5;1;1;-;49.49;0.00%;-;60.35;0.00%;Sunglasses
S72138726;Ladies' Sunglasses Andy Wolf JOY 56B;https://www.bigbuy.eu/7734475/ladies-sunglasses-andy-wolf-joy-56b_1287936.jpg;-;1;1;0;5;1;1;-;47.21;0.00%;-;57.57;0.00%;Sunglasses
S72138724;Ladies' Sunglasses Andy Wolf IRINA 59B;https://www.bigbuy.eu/7734782/ladies-sunglasses-andy-wolf-irina-59b_1288039.jpg;-;3;1;0;5;3;1;-;47.21;0.00%;-;57.57;0.00%;Sunglasses
S72138721;Ladies' Sunglasses Andy Wolf FLORENCE 53N;https://www.bigbuy.eu/7734724/ladies-sunglasses-andy-wolf-florence-53n_1288016.jpg;-;7;1;0;5;7;1;-;47.21;0.00%;-;57.57;0.00%;Sunglasses
S72138712;Ladies' Sunglasses Andy Wolf ALEXANDRIA 555;https://www.bigbuy.eu/7734760/ladies-sunglasses-andy-wolf-alexandria-555_1288032.jpg;-;2;1;0;5;2;1;-;47.21;0.00%;-;57.57;0.00%;Sunglasses
S72138711;Ladies' Sunglasses Andy Wolf ALEXANDRIA 5503;https://www.bigbuy.eu/7734454/ladies-sunglasses-andy-wolf-alexandria-5503_1287926.jpg;-;5;1;0;5;5;1;-;47.21;0.00%;-;57.57;0.00%;Sunglasses
S72138710;Ladies' Sunglasses Andy Wolf ALEXANDRIA 5501;https://www.bigbuy.eu/7734503/ladies-sunglasses-andy-wolf-alexandria-5501_1287942.jpg;-;5;1;0;5;5;1;-;47.21;0.00%;-;57.57;0.00%;Sunglasses
S72138709;Ladies' Sunglasses Andy Wolf ADELE 59F;https://www.bigbuy.eu/7734600/ladies-sunglasses-andy-wolf-adele-59f_1287975.jpg;-;3;1;0;5;3;1;-;47.21;0.00%;-;57.57;0.00%;Sunglasses
S72138708;Ladies' Sunglasses Andy Wolf ONE58C;https://www.bigbuy.eu/7734681/ladies-sunglasses-andy-wolf-one58c_1288002.jpg;-;4;1;0;5;4;1;-;49.49;0.00%;-;60.35;0.00%;Sunglasses
S72138707;Ladies' Sunglasses Andy Wolf ONE 58A;https://www.bigbuy.eu/7734715/ladies-sunglasses-andy-wolf-one-58a_1288015.jpg;-;2;1;0;5;2;1;-;49.49;0.00%;-;60.35;0.00%;Sunglasses
S72138645;Ladies' Sunglasses Serengeti SS573003;https://www.bigbuy.eu/7734652/ladies-sunglasses-serengeti-ss573003_1287994.jpg;-;18;1;0;5;18;1;-;98.19;0.00%;-;111.58;0.00%;Sunglasses
S72138644;Ladies' Sunglasses Max Mara MM0082 6032B;https://www.bigbuy.eu/7734655/ladies-sunglasses-max-mara-mm0082-6032b_1287996.jpg;-;6;1;0;5;6;1;-;65.71;0.00%;-;77.31;0.00%;Sunglasses
S72138643;Ladies' Sunglasses Max Mara MM0054 6112B;https://www.bigbuy.eu/7734514/ladies-sunglasses-max-mara-mm0054-6112b_1287949.jpg;-;50;1;0;5;50;1;-;65.71;0.00%;-;77.31;0.00%;Sunglasses
S72138642;Ladies' Sunglasses Max Mara MM0065 5852G;https://www.bigbuy.eu/7734654/ladies-sunglasses-max-mara-mm0065-5852g_1287995.jpg;-;1;1;0;5;1;1;-;65.71;0.00%;-;77.31;0.00%;Sunglasses
S72138641;Ladies' Sunglasses Max Mara MM0042 5601B;https://www.bigbuy.eu/7734706/ladies-sunglasses-max-mara-mm0042-5601b_1288011.jpg;-;29;1;0;5;29;1;-;63.91;0.00%;-;75.19;0.00%;Sunglasses
S72138640;Ladies' Sunglasses Max Mara MM0115-K 5369A;https://www.bigbuy.eu/7734692/ladies-sunglasses-max-mara-mm0115-k-5369a_1288007.jpg;-;7;1;0;5;7;1;-;65.71;0.00%;-;77.31;0.00%;Sunglasses
S72138637;Ladies' Sunglasses Max Mara MM0107-K 5545E;https://www.bigbuy.eu/7734620/ladies-sunglasses-max-mara-mm0107-k-5545e_1287982.jpg;-;5;1;0;5;5;1;-;65.71;0.00%;-;77.31;0.00%;Sunglasses
S72138636;Ladies' Sunglasses Max Mara MM0107-K 5545B;https://www.bigbuy.eu/7734459/ladies-sunglasses-max-mara-mm0107-k-5545b_1287930.jpg;-;6;1;0;5;6;1;-;65.71;0.00%;-;77.31;0.00%;Sunglasses
S72138635;Ladies' Sunglasses Max Mara MM0107-K 5501A;https://www.bigbuy.eu/7734592/ladies-sunglasses-max-mara-mm0107-k-5501a_1287974.jpg;-;1;1;0;5;1;1;-;65.71;0.00%;-;77.31;0.00%;Sunglasses
S72138634;Ladies' Sunglasses Max Mara MM0106-K 5469A;https://www.bigbuy.eu/7734574/ladies-sunglasses-max-mara-mm0106-k-5469a_1287968.jpg;-;7;1;0;5;7;1;-;65.71;0.00%;-;77.31;0.00%;Sunglasses
S72138633;Ladies' Sunglasses Max Mara MM0106-K 5445E;https://www.bigbuy.eu/7734556/ladies-sunglasses-max-mara-mm0106-k-5445e_1287962.jpg;-;6;1;0;5;6;1;-;65.71;0.00%;-;77.31;0.00%;Sunglasses
S72138632;Ladies' Sunglasses Max Mara MM0106-K 5401A;https://www.bigbuy.eu/7734535/ladies-sunglasses-max-mara-mm0106-k-5401a_1287955.jpg;-;1;1;0;5;1;1;-;65.71;0.00%;-;77.31;0.00%;Sunglasses
S72138631;Ladies' Sunglasses Max Mara MM0104-K 6357B;https://www.bigbuy.eu/7734442/ladies-sunglasses-max-mara-mm0104-k-6357b_1287923.jpg;-;45;1;0;5;45;1;-;65.71;0.00%;-;77.31;0.00%;Sunglasses
S72138630;Ladies' Sunglasses Max Mara MM0104-K 6301A;https://www.bigbuy.eu/7734427/ladies-sunglasses-max-mara-mm0104-k-6301a_1287918.jpg;-;2;1;0;5;2;1;-;65.71;0.00%;-;77.31;0.00%;Sunglasses
S72138629;Ladies' Sunglasses Max Mara MM0080 5160G;https://www.bigbuy.eu/7734394/ladies-sunglasses-max-mara-mm0080-5160g_1287905.jpg;-;8;1;0;5;8;1;-;63.91;0.00%;-;75.19;0.00%;Sunglasses
S72138628;Ladies' Sunglasses Max Mara MM0076 5568V;https://www.bigbuy.eu/7734523/ladies-sunglasses-max-mara-mm0076-5568v_1287950.jpg;-;7;1;0;5;7;1;-;63.91;0.00%;-;75.19;0.00%;Sunglasses
S72138627;Ladies' Sunglasses Max Mara MM0074 5401B;https://www.bigbuy.eu/7734497/ladies-sunglasses-max-mara-mm0074-5401b_1287943.jpg;-;23;1;0;5;23;1;-;63.91;0.00%;-;75.19;0.00%;Sunglasses
S72138626;Ladies' Sunglasses Max Mara MM0066 5721E;https://www.bigbuy.eu/7734467/ladies-sunglasses-max-mara-mm0066-5721e_1287931.jpg;-;36;1;0;5;36;1;-;65.71;0.00%;-;77.31;0.00%;Sunglasses
S72138625;Ladies' Sunglasses Max Mara MM0065 5859F;https://www.bigbuy.eu/7734479/ladies-sunglasses-max-mara-mm0065-5859f_1287937.jpg;-;30;1;0;5;31;1;-;65.71;0.00%;-;77.31;0.00%;Sunglasses
S72138624;Ladies' Sunglasses Max Mara MM0062-H 5930F;https://www.bigbuy.eu/7734445/ladies-sunglasses-max-mara-mm0062-h-5930f_1287925.jpg;-;5;1;0;5;5;1;-;65.71;0.00%;-;77.31;0.00%;Sunglasses
S72138623;Ladies' Sunglasses Max Mara MM0059-D 5972E;https://www.bigbuy.eu/7734418/ladies-sunglasses-max-mara-mm0059-d-5972e_1287914.jpg;-;36;1;0;5;36;1;-;63.91;0.00%;-;75.19;0.00%;Sunglasses
S72138622;Ladies' Sunglasses Max Mara MM0059-D 5952A;https://www.bigbuy.eu/7734430/ladies-sunglasses-max-mara-mm0059-d-5952a_1287919.jpg;-;22;1;0;5;22;1;-;63.91;0.00%;-;75.19;0.00%;Sunglasses
S72138621;Ladies' Sunglasses Max Mara MM0058 5752F;https://www.bigbuy.eu/7734377/ladies-sunglasses-max-mara-mm0058-5752f_1287901.jpg;-;50;1;0;5;50;1;-;63.91;0.00%;-;75.19;0.00%;Sunglasses
S72138620;Ladies' Sunglasses Max Mara MM0058 5701B;https://www.bigbuy.eu/7734357/ladies-sunglasses-max-mara-mm0058-5701b_1287894.jpg;-;50;1;0;5;50;1;-;63.91;0.00%;-;75.19;0.00%;Sunglasses
S72138619;Ladies' Sunglasses Max Mara MM0040 5455F;https://www.bigbuy.eu/7734385/ladies-sunglasses-max-mara-mm0040-5455f_1287904.jpg;-;33;1;0;5;33;1;-;65.71;0.00%;-;77.31;0.00%;Sunglasses
S72138618;Ladies' Sunglasses Max Mara MM0035-H 6132F;https://www.bigbuy.eu/7734373/ladies-sunglasses-max-mara-mm0035-h-6132f_1287900.jpg;-;50;1;0;5;50;1;-;65.71;0.00%;-;77.31;0.00%;Sunglasses
S72138616;Ladies' Sunglasses Max Mara MM0014 5656B;https://www.bigbuy.eu/7734406/ladies-sunglasses-max-mara-mm0014-5656b_1287910.jpg;-;13;1;0;5;13;1;-;65.71;0.00%;-;77.31;0.00%;Sunglasses
S72138614;Ladies' Sunglasses Max Mara MM0032-D 5928F;https://www.bigbuy.eu/7734356/ladies-sunglasses-max-mara-mm0032-d-5928f_1287893.jpg;-;50;1;0;5;50;1;-;65.71;0.00%;-;77.31;0.00%;Sunglasses
S72138613;Ladies' Sunglasses Max Mara MM0045 5854F;https://www.bigbuy.eu/7734409/ladies-sunglasses-max-mara-mm0045-5854f_1287912.jpg;-;6;1;0;5;6;1;-;63.91;0.00%;-;75.19;0.00%;Sunglasses
S72138612;Ladies' Sunglasses Max Mara MM0035-H 6138T;https://www.bigbuy.eu/7734388/ladies-sunglasses-max-mara-mm0035-h-6138t_1287906.jpg;-;6;1;0;5;6;1;-;65.71;0.00%;-;77.31;0.00%;Sunglasses
S72138590;Ladies' Sunglasses Gant GA00011 5628F;https://www.bigbuy.eu/7734664/ladies-sunglasses-gant-ga00011-5628f_1287997.jpg;-;12;1;0;5;12;1;-;47.21;0.00%;-;57.57;0.00%;Sunglasses
S72138381;Ladies' Sunglasses Comma 77244 5316;https://www.bigbuy.eu/7734793/ladies-sunglasses-comma-77244-5316_1288042.jpg;-;3;1;0;5;3;1;-;36.75;0.00%;-;45.94;0.00%;Sunglasses
S72138378;Ladies' Sunglasses Comma 77242 5715;https://www.bigbuy.eu/7734589/ladies-sunglasses-comma-77242-5715_1287973.jpg;-;27;1;0;5;27;1;-;36.75;0.00%;-;45.94;0.00%;Sunglasses
S72138375;Ladies' Sunglasses Comma 77241 5535;https://www.bigbuy.eu/7734487/ladies-sunglasses-comma-77241-5535_1287939.jpg;-;19;1;0;5;19;1;-;36.75;0.00%;-;45.94;0.00%;Sunglasses
S72138374;Ladies' Sunglasses Comma 77241 5516;https://www.bigbuy.eu/7734463/ladies-sunglasses-comma-77241-5516_1287929.jpg;-;15;1;0;5;15;1;-;36.75;0.00%;-;45.94;0.00%;Sunglasses
S72138373;Ladies' Sunglasses Comma 77241 5501;https://www.bigbuy.eu/7734570/ladies-sunglasses-comma-77241-5501_1287967.jpg;-;2;1;0;5;2;1;-;36.75;0.00%;-;45.94;0.00%;Sunglasses
S72138372;Ladies' Sunglasses Comma 77240 5299;https://www.bigbuy.eu/7734362/ladies-sunglasses-comma-77240-5299_1287895.jpg;-;50;1;0;5;50;1;-;36.75;0.00%;-;45.94;0.00%;Sunglasses
S72138371;Ladies' Sunglasses Comma 77240 5208;https://www.bigbuy.eu/7734438/ladies-sunglasses-comma-77240-5208_1287921.jpg;-;21;1;0;5;21;1;-;36.75;0.00%;-;45.94;0.00%;Sunglasses
S72138369;Ladies' Sunglasses Comma 77237 5248;https://www.bigbuy.eu/7734415/ladies-sunglasses-comma-77237-5248_1287913.jpg;-;37;1;0;5;37;1;-;36.75;0.00%;-;45.94;0.00%;Sunglasses
S72138367;Ladies' Sunglasses Comma 77236 5186;https://www.bigbuy.eu/7734460/ladies-sunglasses-comma-77236-5186_1287928.jpg;-;46;1;0;5;46;1;-;36.75;0.00%;-;45.94;0.00%;Sunglasses
S72138366;Ladies' Sunglasses Comma 77236 5169;https://www.bigbuy.eu/7734436/ladies-sunglasses-comma-77236-5169_1287920.jpg;-;41;1;0;5;41;1;-;36.75;0.00%;-;45.94;0.00%;Sunglasses
S72138365;Ladies' Sunglasses Comma 77235 4668;https://www.bigbuy.eu/7734364/ladies-sunglasses-comma-77235-4668_1287896.jpg;-;6;1;0;5;6;1;-;36.75;0.00%;-;45.94;0.00%;Sunglasses
S72138364;Ladies' Sunglasses Comma 77234 5496;https://www.bigbuy.eu/7734344/ladies-sunglasses-comma-77234-5496_1287889.jpg;-;35;1;0;5;35;1;-;36.75;0.00%;-;45.94;0.00%;Sunglasses
S72138361;Ladies' Sunglasses Comma 77232 5560;https://www.bigbuy.eu/7734320/ladies-sunglasses-comma-77232-5560_1287881.jpg;-;3;1;0;5;3;1;-;36.75;0.00%;-;45.94;0.00%;Sunglasses
S72138359;Ladies' Sunglasses Comma 77231 5390;https://www.bigbuy.eu/7734423/ladies-sunglasses-comma-77231-5390_1287916.jpg;-;49;1;0;5;49;1;-;36.75;0.00%;-;45.94;0.00%;Sunglasses
S72138358;Ladies' Sunglasses Comma 77231 5306;https://www.bigbuy.eu/7734382/ladies-sunglasses-comma-77231-5306_1287902.jpg;-;13;1;0;5;13;1;-;36.75;0.00%;-;45.94;0.00%;Sunglasses
S72138357;Ladies' Sunglasses Comma 77230 5456;https://www.bigbuy.eu/7734446/ladies-sunglasses-comma-77230-5456_1287922.jpg;-;50;1;0;5;50;1;-;36.75;0.00%;-;45.94;0.00%;Sunglasses
S72138356;Ladies' Sunglasses Comma 77230 5410;https://www.bigbuy.eu/7734397/ladies-sunglasses-comma-77230-5410_1287907.jpg;-;19;1;0;5;19;1;-;36.75;0.00%;-;45.94;0.00%;Sunglasses
S72138352;Ladies' Sunglasses Comma 77226 5368;https://www.bigbuy.eu/7734369/ladies-sunglasses-comma-77226-5368_1287897.jpg;-;50;1;0;5;50;1;-;36.75;0.00%;-;45.94;0.00%;Sunglasses
S72138351;Ladies' Sunglasses Comma 77226 5350;https://www.bigbuy.eu/7734645/ladies-sunglasses-comma-77226-5350_1287992.jpg;-;16;1;0;5;16;1;-;36.75;0.00%;-;45.94;0.00%;Sunglasses
S72138350;Ladies' Sunglasses Comma 77225 5269;https://www.bigbuy.eu/7734352/ladies-sunglasses-comma-77225-5269_1287892.jpg;-;5;1;0;5;5;1;-;36.75;0.00%;-;45.94;0.00%;Sunglasses
S72138349;Ladies' Sunglasses Comma 77225 5242;https://www.bigbuy.eu/7734326/ladies-sunglasses-comma-77225-5242_1287884.jpg;-;3;1;0;5;3;1;-;36.75;0.00%;-;45.94;0.00%;Sunglasses
S72138348;Ladies' Sunglasses Comma 77225 5201;https://www.bigbuy.eu/7734301/ladies-sunglasses-comma-77225-5201_1287875.jpg;-;21;1;0;5;21;1;-;36.75;0.00%;-;45.94;0.00%;Sunglasses
S72138346;Ladies' Sunglasses Comma 77224 5354;https://www.bigbuy.eu/7734298/ladies-sunglasses-comma-77224-5354_1287874.jpg;-;17;1;0;5;17;1;-;36.75;0.00%;-;45.94;0.00%;Sunglasses
S72138345;Ladies' Sunglasses Comma 77224 5336;https://www.bigbuy.eu/7734633/ladies-sunglasses-comma-77224-5336_1287987.jpg;-;23;1;0;5;23;1;-;36.75;0.00%;-;45.94;0.00%;Sunglasses
S72138344;Ladies' Sunglasses Comma 77223 5567;https://www.bigbuy.eu/7734596/ladies-sunglasses-comma-77223-5567_1287977.jpg;-;45;1;0;5;45;1;-;36.75;0.00%;-;45.94;0.00%;Sunglasses
S72138340;Ladies' Sunglasses Comma 77220 5167;https://www.bigbuy.eu/7734541/ladies-sunglasses-comma-77220-5167_1287957.jpg;-;43;1;0;5;43;1;-;36.75;0.00%;-;45.94;0.00%;Sunglasses
S72138339;Ladies' Sunglasses Comma 77219 5484;https://www.bigbuy.eu/7734305/ladies-sunglasses-comma-77219-5484_1287876.jpg;-;27;1;0;5;27;1;-;36.75;0.00%;-;45.94;0.00%;Sunglasses
S72138338;Ladies' Sunglasses Comma 77219 5458;https://www.bigbuy.eu/7734290/ladies-sunglasses-comma-77219-5458_1287871.jpg;-;49;1;0;5;49;1;-;36.75;0.00%;-;45.94;0.00%;Sunglasses
S72138337;Ladies' Sunglasses Comma 77219 5430;https://www.bigbuy.eu/7734314/ladies-sunglasses-comma-77219-5430_1287879.jpg;-;3;1;0;5;3;1;-;36.75;0.00%;-;45.94;0.00%;Sunglasses
S72138336;Ladies' Sunglasses Comma 77218 5406;https://www.bigbuy.eu/7734323/ladies-sunglasses-comma-77218-5406_1287882.jpg;-;2;1;0;5;2;1;-;36.75;0.00%;-;45.94;0.00%;Sunglasses
S72138333;Ladies' Sunglasses Comma 77213 5399;https://www.bigbuy.eu/7734456/ladies-sunglasses-comma-77213-5399_1287927.jpg;-;18;1;0;5;18;1;-;36.75;0.00%;-;45.94;0.00%;Sunglasses
S72138330;Ladies' Sunglasses Comma 77210 5450;https://www.bigbuy.eu/7734401/ladies-sunglasses-comma-77210-5450_1287908.jpg;-;37;1;0;5;37;1;-;36.75;0.00%;-;45.94;0.00%;Sunglasses
S72138329;Ladies' Sunglasses Comma 77209PU 5380;https://www.bigbuy.eu/7734550/ladies-sunglasses-comma-77209pu-5380_1287960.jpg;-;12;1;0;5;12;1;-;36.75;0.00%;-;45.94;0.00%;Sunglasses
S72138328;Ladies' Sunglasses Comma 77209PU 5379;https://www.bigbuy.eu/7734269/ladies-sunglasses-comma-77209pu-5379_1287864.jpg;-;35;1;0;5;35;1;-;36.75;0.00%;-;45.94;0.00%;Sunglasses
S72138327;Ladies' Sunglasses Comma 77209PU 5307;https://www.bigbuy.eu/7734501/ladies-sunglasses-comma-77209pu-5307_1287941.jpg;-;16;1;0;5;16;1;-;36.75;0.00%;-;45.94;0.00%;Sunglasses
S72138326;Ladies' Sunglasses Comma 77209 5376;https://www.bigbuy.eu/7734293/ladies-sunglasses-comma-77209-5376_1287872.jpg;-;4;1;0;5;4;1;-;36.75;0.00%;-;45.94;0.00%;Sunglasses
S72138325;Ladies' Sunglasses Comma 77209 5356;https://www.bigbuy.eu/7734532/ladies-sunglasses-comma-77209-5356_1287953.jpg;-;2;1;0;5;2;1;-;36.75;0.00%;-;45.94;0.00%;Sunglasses
S72138324;Ladies' Sunglasses Comma 77209 5308;https://www.bigbuy.eu/7734264/ladies-sunglasses-comma-77209-5308_1287863.jpg;-;12;1;0;5;12;1;-;36.75;0.00%;-;45.94;0.00%;Sunglasses
S72138323;Ladies' Sunglasses Comma 77207 5499;https://www.bigbuy.eu/7734338/ladies-sunglasses-comma-77207-5499_1287887.jpg;-;10;1;0;5;10;1;-;36.75;0.00%;-;45.94;0.00%;Sunglasses
S72138321;Ladies' Sunglasses Comma 77206 5409;https://www.bigbuy.eu/7734350/ladies-sunglasses-comma-77206-5409_1287891.jpg;-;3;1;0;5;3;1;-;36.75;0.00%;-;45.94;0.00%;Sunglasses
S72138320;Ladies' Sunglasses Comma 77202 5407;https://www.bigbuy.eu/7734328/ladies-sunglasses-comma-77202-5407_1287883.jpg;-;50;1;0;5;50;1;-;36.75;0.00%;-;45.94;0.00%;Sunglasses
S72138319;Ladies' Sunglasses Comma 77201 5230;https://www.bigbuy.eu/7734311/ladies-sunglasses-comma-77201-5230_1287878.jpg;-;7;1;0;5;7;1;-;36.75;0.00%;-;45.94;0.00%;Sunglasses
S72138318;Ladies' Sunglasses Comma 77201 5200;https://www.bigbuy.eu/7734272/ladies-sunglasses-comma-77201-5200_1287865.jpg;-;33;1;0;5;33;1;-;36.75;0.00%;-;45.94;0.00%;Sunglasses
S72138317;Ladies' Sunglasses Comma 77200 5497;https://www.bigbuy.eu/7734257/ladies-sunglasses-comma-77200-5497_1287861.jpg;-;8;1;0;5;8;1;-;36.75;0.00%;-;45.94;0.00%;Sunglasses
S72138315;Ladies' Sunglasses Comma 77197 5179;https://www.bigbuy.eu/7734276/ladies-sunglasses-comma-77197-5179_1287867.jpg;-;15;1;0;5;15;1;-;36.75;0.00%;-;45.94;0.00%;Sunglasses
S72138314;Ladies' Sunglasses Comma 77196 5620;https://www.bigbuy.eu/7734500/ladies-sunglasses-comma-77196-5620_1287944.jpg;-;15;1;0;5;15;1;-;36.75;0.00%;-;45.94;0.00%;Sunglasses
S72138313;Ladies' Sunglasses Comma 77196 5610;https://www.bigbuy.eu/7734330/ladies-sunglasses-comma-77196-5610_1287885.jpg;-;1;1;0;5;1;1;-;36.75;0.00%;-;45.94;0.00%;Sunglasses
S72138312;Ladies' Sunglasses Comma 77195 5390;https://www.bigbuy.eu/7734307/ladies-sunglasses-comma-77195-5390_1287877.jpg;-;43;1;0;5;43;1;-;36.75;0.00%;-;45.94;0.00%;Sunglasses
S72138311;Ladies' Sunglasses Comma 77195 5364;https://www.bigbuy.eu/7734247/ladies-sunglasses-comma-77195-5364_1287857.jpg;-;50;1;0;5;50;1;-;36.75;0.00%;-;45.94;0.00%;Sunglasses
S72138310;Ladies' Sunglasses Comma 77194 5573;https://www.bigbuy.eu/7734245/ladies-sunglasses-comma-77194-5573_1287856.jpg;-;22;1;0;5;22;1;-;36.75;0.00%;-;45.94;0.00%;Sunglasses
S72138308;Ladies' Sunglasses Comma 77194 5545;https://www.bigbuy.eu/7734242/ladies-sunglasses-comma-77194-5545_1287855.jpg;-;26;1;0;5;26;1;-;36.75;0.00%;-;45.94;0.00%;Sunglasses
S72138307;Ladies' Sunglasses Comma 77192 5497;https://www.bigbuy.eu/7734254/ladies-sunglasses-comma-77192-5497_1287860.jpg;-;35;1;0;5;35;1;-;36.75;0.00%;-;45.94;0.00%;Sunglasses
S72138306;Ladies' Sunglasses Comma 77191 5490;https://www.bigbuy.eu/7734296/ladies-sunglasses-comma-77191-5490_1287873.jpg;-;31;1;0;5;31;1;-;36.75;0.00%;-;45.94;0.00%;Sunglasses
S72138305;Ladies' Sunglasses Comma 77191 5446;https://www.bigbuy.eu/7734239/ladies-sunglasses-comma-77191-5446_1287854.jpg;-;28;1;0;5;28;1;-;36.75;0.00%;-;45.94;0.00%;Sunglasses
S72138304;Ladies' Sunglasses Comma 77190 5380;https://www.bigbuy.eu/7734281/ladies-sunglasses-comma-77190-5380_1287868.jpg;-;50;1;0;5;50;1;-;36.75;0.00%;-;45.94;0.00%;Sunglasses
S72138303;Ladies' Sunglasses Comma 77189 5394;https://www.bigbuy.eu/7734255/ladies-sunglasses-comma-77189-5394_1287859.jpg;-;47;1;0;5;47;1;-;36.75;0.00%;-;45.94;0.00%;Sunglasses
S72138302;Ladies' Sunglasses Comma 77189 5376;https://www.bigbuy.eu/7734275/ladies-sunglasses-comma-77189-5376_1287866.jpg;-;30;1;0;5;30;1;-;36.75;0.00%;-;45.94;0.00%;Sunglasses
S72138301;Ladies' Sunglasses Comma 77189 5354;https://www.bigbuy.eu/7734251/ladies-sunglasses-comma-77189-5354_1287858.jpg;-;50;1;0;5;50;1;-;36.75;0.00%;-;45.94;0.00%;Sunglasses
S72138299;Ladies' Sunglasses Comma 77187 5476;https://www.bigbuy.eu/7734228/ladies-sunglasses-comma-77187-5476_1287851.jpg;-;13;1;0;5;13;1;-;36.75;0.00%;-;45.94;0.00%;Sunglasses
S72138298;Ladies' Sunglasses Comma 77187 5464;https://www.bigbuy.eu/7734230/ladies-sunglasses-comma-77187-5464_1287852.jpg;-;7;1;0;5;7;1;-;36.75;0.00%;-;45.94;0.00%;Sunglasses
S72138297;Ladies' Sunglasses Comma 77186 5270;https://www.bigbuy.eu/7734227/ladies-sunglasses-comma-77186-5270_1287850.jpg;-;28;1;0;5;28;1;-;36.75;0.00%;-;45.94;0.00%;Sunglasses
S72138296;Ladies' Sunglasses Comma 77186 5248;https://www.bigbuy.eu/7734223/ladies-sunglasses-comma-77186-5248_1287849.jpg;-;2;1;0;5;2;1;-;36.75;0.00%;-;45.94;0.00%;Sunglasses
S72138295;Ladies' Sunglasses Comma 77185 5266;https://www.bigbuy.eu/7734221/ladies-sunglasses-comma-77185-5266_1287848.jpg;-;4;1;0;5;4;1;-;36.75;0.00%;-;45.94;0.00%;Sunglasses
S72138294;Ladies' Sunglasses Comma 77185 5256;https://www.bigbuy.eu/7734216/ladies-sunglasses-comma-77185-5256_1287847.jpg;-;50;1;0;5;50;1;-;36.75;0.00%;-;45.94;0.00%;Sunglasses
S72138293;Ladies' Sunglasses Comma 77184 5398;https://www.bigbuy.eu/7734215/ladies-sunglasses-comma-77184-5398_1287846.jpg;-;14;1;0;5;14;1;-;36.75;0.00%;-;45.94;0.00%;Sunglasses
S72138292;Ladies' Sunglasses Comma 77182 5289;https://www.bigbuy.eu/7734212/ladies-sunglasses-comma-77182-5289_1287845.jpg;-;22;1;0;5;22;1;-;36.75;0.00%;-;45.94;0.00%;Sunglasses
S72138289;Ladies' Sunglasses Comma 77181 5307;https://www.bigbuy.eu/7734202/ladies-sunglasses-comma-77181-5307_1287842.jpg;-;35;1;0;5;35;1;-;36.75;0.00%;-;45.94;0.00%;Sunglasses
S72138288;Ladies' Sunglasses Comma 77179 5797;https://www.bigbuy.eu/7734199/ladies-sunglasses-comma-77179-5797_1287841.jpg;-;50;1;0;5;50;1;-;36.75;0.00%;-;45.94;0.00%;Sunglasses
S72138287;Ladies' Sunglasses Comma 77179 5717;https://www.bigbuy.eu/7734197/ladies-sunglasses-comma-77179-5717_1287840.jpg;-;5;1;0;5;5;1;-;36.75;0.00%;-;45.94;0.00%;Sunglasses
S72138285;Ladies' Sunglasses Comma 77178 5664;https://www.bigbuy.eu/7734191/ladies-sunglasses-comma-77178-5664_1287838.jpg;-;39;1;0;5;39;1;-;36.75;0.00%;-;45.94;0.00%;Sunglasses
S72138284;Ladies' Sunglasses Comma 77177 5576;https://www.bigbuy.eu/7734186/ladies-sunglasses-comma-77177-5576_1287837.jpg;-;14;1;0;5;14;1;-;36.75;0.00%;-;45.94;0.00%;Sunglasses
S72138283;Ladies' Sunglasses Comma 77174 5551;https://www.bigbuy.eu/7734185/ladies-sunglasses-comma-77174-5551_1287836.jpg;-;22;1;0;5;22;1;-;36.75;0.00%;-;45.94;0.00%;Sunglasses
S72138282;Ladies' Sunglasses Comma 77170 5345;https://www.bigbuy.eu/7734181/ladies-sunglasses-comma-77170-5345_1287835.jpg;-;17;1;0;5;17;1;-;36.75;0.00%;-;45.94;0.00%;Sunglasses
S72138281;Ladies' Sunglasses Comma 77170 5327;https://www.bigbuy.eu/7734179/ladies-sunglasses-comma-77170-5327_1287834.jpg;-;26;1;0;5;26;1;-;36.75;0.00%;-;45.94;0.00%;Sunglasses
S72138280;Ladies' Sunglasses Comma 77169 55070;https://www.bigbuy.eu/7734176/ladies-sunglasses-comma-77169-55070_1287833.jpg;-;1;1;0;5;1;1;-;36.75;0.00%;-;45.94;0.00%;Sunglasses
S72138278;Ladies' Sunglasses Comma 77146 5625;https://www.bigbuy.eu/7734169/ladies-sunglasses-comma-77146-5625_1287831.jpg;-;16;1;0;5;16;1;-;36.75;0.00%;-;45.94;0.00%;Sunglasses
S72138081;Ladies' Sunglasses Police SPLL37M560A39;https://www.bigbuy.eu/7734161/ladies-sunglasses-police-spll37m560a39_1287828.jpg;-;13;1;0;5;13;1;-;63.91;0.00%;-;75.19;0.00%;Sunglasses
S72138080;Ladies' Sunglasses Just Cavalli SJC109 530829;https://www.bigbuy.eu/7734141/ladies-sunglasses-just-cavalli-sjc109-530829_1287822.jpg;-;6;1;0;5;6;1;-;74.9;0.00%;-;85.11;0.00%;Sunglasses
S72138079;Ladies' Sunglasses Just Cavalli SJC043V 550981;https://www.bigbuy.eu/7734157/ladies-sunglasses-just-cavalli-sjc043v-550981_1287827.jpg;-;10;1;0;5;10;1;-;74.9;0.00%;-;85.11;0.00%;Sunglasses
S72138071;Ladies' Sunglasses Guess GU00163 5420F;https://www.bigbuy.eu/7734133/ladies-sunglasses-guess-gu00163-5420f_1287820.jpg;-;8;1;0;5;8;1;-;53.79;0.00%;-;65.6;0.00%;Sunglasses
S72138069;Ladies' Sunglasses Guess GU00132 5883Z;https://www.bigbuy.eu/7734127/ladies-sunglasses-guess-gu00132-5883z_1287817.jpg;-;25;1;0;5;25;1;-;51.02;0.00%;-;62.22;0.00%;Sunglasses
S72138066;Ladies' Sunglasses Guess GU00098 5572F;https://www.bigbuy.eu/7734155/ladies-sunglasses-guess-gu00098-5572f_1287826.jpg;-;24;1;0;5;24;1;-;51.02;0.00%;-;62.22;0.00%;Sunglasses
S72138048;Ladies' Sunglasses Guess GU00134 5581Z;https://www.bigbuy.eu/7734110/ladies-sunglasses-guess-gu00134-5581z_1287813.jpg;-;43;1;0;5;43;1;-;51.02;0.00%;-;62.22;0.00%;Sunglasses
S72117991;Ladies' Sunglasses Kate Spade KS DAINA 2_G_S;https://www.bigbuy.eu/7734138/ladies-sunglasses-kate-spade-ks-daina-2-g-s_1287821.jpg;-;1;1;0;5;1;1;-;141.35;0.00%;-;157.06;0.00%;Sunglasses
S72117990;Ladies' Sunglasses Kate Spade KS EMALIE 2_G_S;https://www.bigbuy.eu/7734092/ladies-sunglasses-kate-spade-ks-emalie-2-g-s_1287808.jpg;-;1;1;0;5;1;1;-;161.4;0.00%;-;179.33;0.00%;Sunglasses
S72137586;Ladies' Sunglasses Furla SFU709;https://www.bigbuy.eu/7725001/ladies-sunglasses-furla-sfu709_1286100.jpg;-;1;1;0;5;1;1;-;119.08;0.00%;-;132.31;0.00%;Sunglasses
S72137584;Ladies' Sunglasses Guess GU00106;https://www.bigbuy.eu/7724999/ladies-sunglasses-guess-gu00106_1286099.jpg;-;1;1;0;5;1;1;-;104.99;0.00%;-;119.31;0.00%;Sunglasses
S72137385;Ladies' Sunglasses LIU JO LJ779S;https://www.bigbuy.eu/7724997/ladies-sunglasses-liu-jo-lj779s_1286098.jpg;-;2;1;0;5;2;1;-;122.77;0.00%;-;136.41;0.00%;Sunglasses
S72137333;Beach Bag and Sunglasses Nike NIKE RADEON 1 M FV2403;https://www.bigbuy.eu/7724969/beach-bag-and-sunglasses-nike-nike-radeon-1-m-fv2403_1286085.jpg;-;1;1;0;5;1;1;-;74.78;0.00%;-;84.98;0.00%;Sunglasses
S72137279;Beach Bag and Sunglasses Guess GU00157;https://www.bigbuy.eu/7724956/beach-bag-and-sunglasses-guess-gu00157_1286078.jpg;-;1;1;0;5;1;1;-;79.3;0.00%;-;90.11;0.00%;Sunglasses
S72137604;Ladies' Sunglasses Kate Spade ALVI_G_S;https://www.bigbuy.eu/7724937/ladies-sunglasses-kate-spade-alvi-g-s_1286068.jpg;-;1;1;0;5;1;1;-;157.69;0.00%;-;175.21;0.00%;Sunglasses
S72137512;Ladies' Sunglasses Carolina Herrera HER 0399_S;https://www.bigbuy.eu/7723582/ladies-sunglasses-carolina-herrera-her-0399-s_1285814.jpg;-;1;1;0;5;1;1;-;260.29;0.00%;-;286.03;0.00%;Sunglasses
S72137510;Ladies' Sunglasses Carolina Herrera HER 0375_G_S;https://www.bigbuy.eu/7723589/ladies-sunglasses-carolina-herrera-her-0375-g-s_1285818.jpg;-;1;1;0;5;1;1;-;154.72;0.00%;-;171.91;0.00%;Sunglasses
S72137509;Ladies' Sunglasses Carolina Herrera HER 0374_S;https://www.bigbuy.eu/7723596/ladies-sunglasses-carolina-herrera-her-0374-s_1285821.jpg;-;1;1;0;5;1;1;-;154.72;0.00%;-;171.91;0.00%;Sunglasses
S72137508;Ladies' Sunglasses Carolina Herrera HER 0370_S;https://www.bigbuy.eu/7723580/ladies-sunglasses-carolina-herrera-her-0370-s_1285813.jpg;-;1;1;0;5;1;1;-;161.4;0.00%;-;179.33;0.00%;Sunglasses
S72137506;Ladies' Sunglasses Carolina Herrera HER 0328_S;https://www.bigbuy.eu/7723597/ladies-sunglasses-carolina-herrera-her-0328-s_1285822.jpg;-;1;1;0;5;1;1;-;159.91;0.00%;-;177.68;0.00%;Sunglasses
S72137467;Ladies' Sunglasses Kate Spade KS ELIZA 2_G_S;https://www.bigbuy.eu/7723588/ladies-sunglasses-kate-spade-ks-eliza-2-g-s_1285817.jpg;-;1;1;0;5;1;1;-;142.09;0.00%;-;157.88;0.00%;Sunglasses
S72137466;Ladies' Sunglasses Kate Spade KS DEE 2_G_S;https://www.bigbuy.eu/7723584/ladies-sunglasses-kate-spade-ks-dee-2-g-s_1285816.jpg;-;1;1;0;5;1;1;-;162.13;0.00%;-;180.14;0.00%;Sunglasses
S72137465;Ladies' Sunglasses Kate Spade KS BRIA 2_G_S;https://www.bigbuy.eu/7723593/ladies-sunglasses-kate-spade-ks-bria-2-g-s_1285820.jpg;-;1;1;0;5;1;1;-;135.41;0.00%;-;150.46;0.00%;Sunglasses
S72137464;Ladies' Sunglasses Kate Spade KS BERYL 2_G_S;https://www.bigbuy.eu/7723576/ladies-sunglasses-kate-spade-ks-beryl-2-g-s_1285811.jpg;-;1;1;0;5;1;1;-;142.09;0.00%;-;157.88;0.00%;Sunglasses
S72137463;Ladies' Sunglasses Kate Spade KS AMAYA 2_G_S;https://www.bigbuy.eu/7723578/ladies-sunglasses-kate-spade-ks-amaya-2-g-s_1285812.jpg;-;1;1;0;5;1;1;-;135.41;0.00%;-;150.46;0.00%;Sunglasses
S72137462;Ladies' Sunglasses Kate Spade KS GENEVA 2_G_S;https://www.bigbuy.eu/7723574/ladies-sunglasses-kate-spade-ks-geneva-2-g-s_1285810.jpg;-;1;1;0;5;1;1;-;142.09;0.00%;-;157.88;0.00%;Sunglasses
S72137411;Ladies' Sunglasses Marc Jacobs MARC 890_S;https://www.bigbuy.eu/7723559/ladies-sunglasses-marc-jacobs-marc-890-s_1285803.jpg;-;1;1;0;5;1;1;-;152.48;0.00%;-;169.42;0.00%;Sunglasses
S72137405;Ladies' Sunglasses Marc Jacobs MARC 917_S;https://www.bigbuy.eu/7723548/ladies-sunglasses-marc-jacobs-marc-917-s_1285797.jpg;-;1;1;0;5;1;1;-;141.35;0.00%;-;157.06;0.00%;Sunglasses
S72137403;Ladies' Sunglasses Marc Jacobs MJ 1137_S;https://www.bigbuy.eu/7723544/ladies-sunglasses-marc-jacobs-mj-1137-s_1285795.jpg;-;1;1;0;5;1;1;-;145.8;0.00%;-;162.0;0.00%;Sunglasses
S72137399;Ladies' Sunglasses Marc Jacobs MJ 1133_S;https://www.bigbuy.eu/7723536/ladies-sunglasses-marc-jacobs-mj-1133-s_1285791.jpg;-;1;1;0;5;1;1;-;165.86;0.00%;-;184.29;0.00%;Sunglasses
S72137394;Ladies' Sunglasses Marc Jacobs MARC 647_S;https://www.bigbuy.eu/7723534/ladies-sunglasses-marc-jacobs-marc-647-s_1285790.jpg;-;1;1;0;5;1;1;-;127.98;0.00%;-;142.2;0.00%;Sunglasses
S72137384;Ladies' Sunglasses LIU JO LJ797S;https://www.bigbuy.eu/7723532/ladies-sunglasses-liu-jo-lj797s_1285789.jpg;-;1;1;0;5;1;1;-;125.76;0.00%;-;139.73;0.00%;Sunglasses
S72137383;Ladies' Sunglasses LIU JO LJ814SR;https://www.bigbuy.eu/7723530/ladies-sunglasses-liu-jo-lj814sr_1285788.jpg;-;1;1;0;5;1;1;-;115.36;0.00%;-;128.18;0.00%;Sunglasses
S72137381;Ladies' Sunglasses Carrera CA 3102_S_BB;https://www.bigbuy.eu/7723528/ladies-sunglasses-carrera-ca-3102-s-bb_1285787.jpg;-;1;1;0;5;1;1;-;142.82;0.00%;-;158.69;0.00%;Sunglasses
S72137378;Ladies' Sunglasses Carrera VICTORY C 21_S;https://www.bigbuy.eu/7723526/ladies-sunglasses-carrera-victory-c-21-s_1285786.jpg;-;1;1;0;5;1;1;-;133.92;0.00%;-;148.8;0.00%;Sunglasses
S72137377;Ladies' Sunglasses Carrera CARRERA 3100_S;https://www.bigbuy.eu/7723524/ladies-sunglasses-carrera-carrera-3100-s_1285785.jpg;-;1;1;0;5;1;1;-;142.82;0.00%;-;158.69;0.00%;Sunglasses
S72137376;Ladies' Sunglasses Carrera CARRERA 3099_S;https://www.bigbuy.eu/7723522/ladies-sunglasses-carrera-carrera-3099-s_1285784.jpg;-;1;1;0;5;1;1;-;129.47;0.00%;-;143.86;0.00%;Sunglasses
S72137375;Ladies' Sunglasses Carrera VICTORY C 22_S;https://www.bigbuy.eu/7723520/ladies-sunglasses-carrera-victory-c-22-s_1285783.jpg;-;1;1;0;5;1;1;-;133.92;0.00%;-;148.8;0.00%;Sunglasses
S72137374;Ladies' Sunglasses Carrera FLAGLAB 19;https://www.bigbuy.eu/7723518/ladies-sunglasses-carrera-flaglab-19_1285782.jpg;-;1;1;0;5;1;1;-;205.64;0.00%;-;225.98;0.00%;Sunglasses
S72137349;Ladies' Sunglasses Carrera CARRERA 3081_S;https://www.bigbuy.eu/7723516/ladies-sunglasses-carrera-carrera-3081-s_1285781.jpg;-;3;1;0;5;3;1;-;105.73;0.00%;-;120.15;0.00%;Sunglasses
S72137348;Ladies' Sunglasses Carrera CARRERA 3086_S;https://www.bigbuy.eu/7723514/ladies-sunglasses-carrera-carrera-3086-s_1285780.jpg;-;3;1;0;5;3;1;-;123.52;0.00%;-;137.24;0.00%;Sunglasses
S72137347;Ladies' Sunglasses Carrera CARRERA 3085_S;https://www.bigbuy.eu/7723511/ladies-sunglasses-carrera-carrera-3085-s_1285779.jpg;-;2;1;0;5;2;1;-;123.52;0.00%;-;137.24;0.00%;Sunglasses
S72137346;Ladies' Sunglasses Carrera CARRERA 3083_S;https://www.bigbuy.eu/7723509/ladies-sunglasses-carrera-carrera-3083-s_1285778.jpg;-;3;1;0;5;3;1;-;105.73;0.00%;-;120.15;0.00%;Sunglasses
S72137323;Ladies' Sunglasses Dsquared2 D2 0209_G_S;https://www.bigbuy.eu/7723508/ladies-sunglasses-dsquared2-d2-0209-g-s_1285777.jpg;-;1;1;0;5;1;1;-;174.76;0.00%;-;194.18;0.00%;Sunglasses
S72137309;Ladies' Sunglasses Polaroid PLD 2169_S_X;https://www.bigbuy.eu/7723506/ladies-sunglasses-polaroid-pld-2169-s-x_1285776.jpg;-;1;1;0;5;1;1;-;62.28;0.00%;-;73.27;0.00%;Sunglasses
S72137308;Ladies' Sunglasses Polaroid PLD 4208_S_X;https://www.bigbuy.eu/7723504/ladies-sunglasses-polaroid-pld-4208-s-x_1285775.jpg;-;1;1;0;5;1;1;-;65.36;0.00%;-;76.89;0.00%;Sunglasses
S72137289;Ladies' Sunglasses Moschino MOS206_S;https://www.bigbuy.eu/7723500/ladies-sunglasses-moschino-mos206-s_1285773.jpg;-;1;1;0;5;1;1;-;174.76;0.00%;-;194.18;0.00%;Sunglasses
S72137288;Ladies' Sunglasses Moschino MOS205_S;https://www.bigbuy.eu/7723498/ladies-sunglasses-moschino-mos205-s_1285772.jpg;-;1;1;0;5;1;1;-;174.76;0.00%;-;194.18;0.00%;Sunglasses
S72137287;Ladies' Sunglasses Moschino MOS208_S;https://www.bigbuy.eu/7723496/ladies-sunglasses-moschino-mos208-s_1285771.jpg;-;1;1;0;5;1;1;-;165.86;0.00%;-;184.29;0.00%;Sunglasses
S72137286;Ladies' Sunglasses Moschino MOS212_S;https://www.bigbuy.eu/7723494/ladies-sunglasses-moschino-mos212-s_1285770.jpg;-;1;1;0;5;1;1;-;152.48;0.00%;-;169.42;0.00%;Sunglasses
S72137282;Ladies' Sunglasses Missoni MIS 0272_S;https://www.bigbuy.eu/7723488/ladies-sunglasses-missoni-mis-0272-s_1285767.jpg;-;1;1;0;5;1;1;-;148.03;0.00%;-;164.48;0.00%;Sunglasses
S72137281;Ladies' Sunglasses Missoni MIS 0264_G_S;https://www.bigbuy.eu/7723486/ladies-sunglasses-missoni-mis-0264-g-s_1285766.jpg;-;1;1;0;5;1;1;-;207.12;0.00%;-;227.6;0.00%;Sunglasses
S72137278;Ladies' Sunglasses Guess GU7879;https://www.bigbuy.eu/7723482/ladies-sunglasses-guess-gu7879_1285764.jpg;-;1;1;0;5;1;1;-;79.3;0.00%;-;90.11;0.00%;Sunglasses
S72137277;Ladies' Sunglasses Guess GU7820;https://www.bigbuy.eu/7723481/ladies-sunglasses-guess-gu7820_1285763.jpg;-;1;1;0;5;1;1;-;79.3;0.00%;-;90.11;0.00%;Sunglasses
S72137252;Ladies' Sunglasses Etro ETRO 0128_S;https://www.bigbuy.eu/7723477/ladies-sunglasses-etro-etro-0128-s_1285761.jpg;-;1;1;0;5;1;1;-;175.51;0.00%;-;195.01;0.00%;Sunglasses
S72137251;Ladies' Sunglasses Etro ETRO 0127_S;https://www.bigbuy.eu/7723475/ladies-sunglasses-etro-etro-0127-s_1285760.jpg;-;1;1;0;5;1;1;-;175.51;0.00%;-;195.01;0.00%;Sunglasses
S72137250;Ladies' Sunglasses Etro ETRO 0131_S;https://www.bigbuy.eu/7723473/ladies-sunglasses-etro-etro-0131-s_1285759.jpg;-;1;1;0;5;1;1;-;199.73;0.00%;-;219.48;0.00%;Sunglasses
S72137249;Ladies' Sunglasses Etro ETRO 0137_S;https://www.bigbuy.eu/7723471/ladies-sunglasses-etro-etro-0137-s_1285758.jpg;-;1;1;0;5;1;1;-;212.27;0.00%;-;233.26;0.00%;Sunglasses
S72137248;Ladies' Sunglasses Etro ETRO 0123_S;https://www.bigbuy.eu/7723469/ladies-sunglasses-etro-etro-0123-s_1285757.jpg;-;1;1;0;5;1;1;-;143.58;0.00%;-;159.53;0.00%;Sunglasses
S72137247;Ladies' Sunglasses Etro ETRO 0122_S;https://www.bigbuy.eu/7723466/ladies-sunglasses-etro-etro-0122-s_1285756.jpg;-;1;1;0;5;1;1;-;143.58;0.00%;-;159.53;0.00%;Sunglasses
S72137245;Ladies' Sunglasses Etro ETRO 0071_F_S;https://www.bigbuy.eu/7723600/ladies-sunglasses-etro-etro-0071-f-s_1285755.jpg;-;1;1;0;5;1;1;-;222.63;0.00%;-;244.65;0.00%;Sunglasses
S72128080;Ladies' Sunglasses Carrera FLAGLAB 18;https://www.bigbuy.eu/7723465/ladies-sunglasses-carrera-flaglab-18_1285754.jpg;-;1;1;0;5;1;1;-;172.53;0.00%;-;191.7;0.00%;Sunglasses
S72137019;Ladies' Sunglasses Karl Lagerfeld KL6122S-015-52;https://www.bigbuy.eu/7721735/ladies-sunglasses-karl-lagerfeld-kl6122s-015-52_1285247.jpg;-;3;1;0;5;0;1;-;67.78;0.00%;-;79.74;0.00%;Sunglasses
S72137013;Ladies' Sunglasses Longchamp LO739S-511-50;https://www.bigbuy.eu/7721733/ladies-sunglasses-longchamp-lo739s-511-50_1285246.jpg;-;8;1;0;5;0;1;-;86.52;0.00%;-;98.32;0.00%;Sunglasses
S72136973;Ladies' Sunglasses LIU JO LJ153S-722-62;https://www.bigbuy.eu/7721731/ladies-sunglasses-liu-jo-lj153s-722-62_1285245.jpg;-;7;1;0;5;0;1;-;67.32;0.00%;-;79.2;0.00%;Sunglasses
S72136972;Ladies' Sunglasses LIU JO LJ153S-770-62;https://www.bigbuy.eu/7721729/ladies-sunglasses-liu-jo-lj153s-770-62_1285244.jpg;-;11;1;0;5;0;1;-;67.32;0.00%;-;79.2;0.00%;Sunglasses
S72136971;Ladies' Sunglasses LIU JO LJ762SR-601-56;https://www.bigbuy.eu/7721727/ladies-sunglasses-liu-jo-lj762sr-601-56_1285243.jpg;-;6;1;0;5;0;1;-;67.32;0.00%;-;79.2;0.00%;Sunglasses
S72136970;Ladies' Sunglasses LIU JO LJ770S-001-54;https://www.bigbuy.eu/7721725/ladies-sunglasses-liu-jo-lj770s-001-54_1285242.jpg;-;9;1;0;5;0;1;-;67.32;0.00%;-;79.2;0.00%;Sunglasses
S72136968;Ladies' Sunglasses LIU JO LJ781S-102-55;https://www.bigbuy.eu/7721721/ladies-sunglasses-liu-jo-lj781s-102-55_1285240.jpg;-;4;1;0;5;0;1;-;67.32;0.00%;-;79.2;0.00%;Sunglasses
S72136961;Ladies' Sunglasses Salvatore Ferragamo SF1101S-242-54;https://www.bigbuy.eu/7721717/ladies-sunglasses-salvatore-ferragamo-sf1101s-242-54_1285238.jpg;-;7;1;0;5;0;1;-;113.98;0.00%;-;126.64;0.00%;Sunglasses
S72136960;Ladies' Sunglasses Salvatore Ferragamo SF2003S-327-54;https://www.bigbuy.eu/7721714/ladies-sunglasses-salvatore-ferragamo-sf2003s-327-54_1285237.jpg;-;6;1;0;5;0;1;-;93.8;0.00%;-;106.59;0.00%;Sunglasses
S72136952;Ladies' Sunglasses Lacoste L6013S-001-54;https://www.bigbuy.eu/7721711/ladies-sunglasses-lacoste-l6013s-001-54_1285236.jpg;-;8;1;0;5;0;1;-;71.11;0.00%;-;80.81;0.00%;Sunglasses
S72136936;Ladies' Sunglasses Calvin Klein CK23503S-002-54;https://www.bigbuy.eu/7721710/ladies-sunglasses-calvin-klein-ck23503s-002-54_1285235.jpg;-;5;1;0;5;0;1;-;69.72;0.00%;-;82.02;0.00%;Sunglasses
S05142525;Ladies' Sunglasses Guess GU00156;https://www.bigbuy.eu/7714640/ladies-sunglasses-guess-gu00156_1283908.jpg;-;1;1;0;5;1;1;-;42.81;0.00%;-;48.1;0.00%;Sunglasses
S05123316;Ladies' Sunglasses Guess GU00119 Black ø 60 mm;https://www.bigbuy.eu/7707610/ladies-sunglasses-guess-gu00119-black-oe-60-mm_1282437.jpg;-;1;1;0;5;1;1;-;62.39;0.00%;-;69.32;0.00%;Sunglasses
S05142522;Ladies' Sunglasses Guess GU00155;https://www.bigbuy.eu/7701039/ladies-sunglasses-guess-gu00155_1281542.jpg;-;1;1;0;5;1;1;-;42.81;0.00%;-;48.1;0.00%;Sunglasses
S05125953;Ladies' Sunglasses Guess GU00103 Black Ø 52 mm;https://www.bigbuy.eu/7701037/ladies-sunglasses-guess-gu00103-black-oe-52-mm_1281540.jpg;-;1;1;0;5;1;1;-;59.45;0.00%;-;66.06;0.00%;Sunglasses
S05125707;Ladies' Sunglasses Emilio Pucci EP0202 ø 54 mm;https://www.bigbuy.eu/7701036/ladies-sunglasses-emilio-pucci-ep0202-oe-54-mm_1281539.jpg;-;1;1;0;5;1;1;-;98.39;0.00%;-;109.32;0.00%;Sunglasses
S05115134;Ladies' Sunglasses Guess T Black Ø 55 mm;https://www.bigbuy.eu/7701034/ladies-sunglasses-guess-t-black-oe-55-mm_1281537.jpg;-;2;1;0;5;2;1;-;75.26;0.00%;-;83.62;0.00%;Sunglasses
S05110545;Ladies' Sunglasses Guess W Habana Ø 53 mm;https://www.bigbuy.eu/7701033/ladies-sunglasses-guess-w-habana-oe-53-mm_1281535.jpg;-;1;1;0;5;1;1;-;72.17;0.00%;-;80.19;0.00%;Sunglasses
S05143303;Ladies' Sunglasses Emilio Pucci EP0232;https://www.bigbuy.eu/7600718/ladies-sunglasses-emilio-pucci-ep0232_1262015.jpg;-;2;1;0;5;2;1;-;94.26;0.00%;-;104.73;0.00%;Sunglasses
S05113080;Ladies' Sunglasses Emilio Pucci EP0197 Black Ø 52 mm;https://www.bigbuy.eu/7600660/ladies-sunglasses-emilio-pucci-ep0197-black-oe-52-mm_1261993.jpg;-;1;1;0;5;1;1;-;90.14;0.00%;-;100.16;0.00%;Sunglasses
S72134344;Ladies' Sunglasses Ted Baker TB1690 53100;https://www.bigbuy.eu/7580296/ladies-sunglasses-ted-baker-tb1690-53100_1258842.jpg;-;5;1;0;5;5;1;-;47.98;0.00%;-;58.51;0.00%;Sunglasses
S72134340;Ladies' Sunglasses Ted Baker TB1685 55271;https://www.bigbuy.eu/7580309/ladies-sunglasses-ted-baker-tb1685-55271_1258846.jpg;-;50;1;0;5;50;1;-;49.22;0.00%;-;60.02;0.00%;Sunglasses
S72134336;Ladies' Sunglasses Ted Baker TB1647 57001;https://www.bigbuy.eu/7580304/ladies-sunglasses-ted-baker-tb1647-57001_1258844.jpg;-;1;1;0;5;1;1;-;47.98;0.00%;-;58.51;0.00%;Sunglasses
S72134335;Ladies' Sunglasses Ted Baker TB1639 55136;https://www.bigbuy.eu/7580295/ladies-sunglasses-ted-baker-tb1639-55136_1258841.jpg;-;2;1;0;5;2;1;-;47.98;0.00%;-;58.51;0.00%;Sunglasses
S72134334;Ladies' Sunglasses Ted Baker TB1563 53004;https://www.bigbuy.eu/7580298/ladies-sunglasses-ted-baker-tb1563-53004_1258843.jpg;-;17;1;0;5;17;1;-;47.98;0.00%;-;58.51;0.00%;Sunglasses
S72134333;Ladies' Sunglasses Ted Baker TB1678 53401;https://www.bigbuy.eu/7580286/ladies-sunglasses-ted-baker-tb1678-53401_1258839.jpg;-;26;1;0;5;26;1;-;47.98;0.00%;-;58.51;0.00%;Sunglasses
S72134308;Ladies' Sunglasses Scotch & Soda SS7036 55113;https://www.bigbuy.eu/7580270/ladies-sunglasses-scotch-soda-ss7036-55113_1258834.jpg;-;7;1;0;5;7;1;-;50.51;0.00%;-;61.6;0.00%;Sunglasses
S72134304;Ladies' Sunglasses Scotch & Soda SS5028 55101;https://www.bigbuy.eu/7580268/ladies-sunglasses-scotch-soda-ss5028-55101_1258833.jpg;-;4;1;0;5;4;1;-;50.51;0.00%;-;61.6;0.00%;Sunglasses
S72134303;Ladies' Sunglasses Scotch & Soda SS5025 56400;https://www.bigbuy.eu/7580264/ladies-sunglasses-scotch-soda-ss5025-56400_1258832.jpg;-;4;1;0;5;4;1;-;49.22;0.00%;-;60.02;0.00%;Sunglasses
S72134302;Ladies' Sunglasses Scotch & Soda SS5024 52401;https://www.bigbuy.eu/7580263/ladies-sunglasses-scotch-soda-ss5024-52401_1258831.jpg;-;38;1;0;5;38;1;-;49.22;0.00%;-;60.02;0.00%;Sunglasses
S72134301;Ladies' Sunglasses Scotch & Soda SS5024 52400;https://www.bigbuy.eu/7580261/ladies-sunglasses-scotch-soda-ss5024-52400_1258830.jpg;-;23;1;0;5;23;1;-;49.22;0.00%;-;60.02;0.00%;Sunglasses
S72134298;Ladies' Sunglasses Scotch & Soda SS7040 52907;https://www.bigbuy.eu/7580258/ladies-sunglasses-scotch-soda-ss7040-52907_1258828.jpg;-;26;1;0;5;26;1;-;50.51;0.00%;-;61.6;0.00%;Sunglasses
S72134292;Ladies' Sunglasses Serengeti SS536004 WAKOTA;https://www.bigbuy.eu/7580257/ladies-sunglasses-serengeti-ss536004-wakota_1258827.jpg;-;7;1;0;5;7;1;-;102.3;0.00%;-;116.25;0.00%;Sunglasses
S72134287;Ladies' Sunglasses Serengeti SS536002;https://www.bigbuy.eu/7580280/ladies-sunglasses-serengeti-ss536002_1258835.jpg;-;6;1;0;5;6;1;-;98.19;0.00%;-;111.58;0.00%;Sunglasses
S72133350;Ladies' Sunglasses Guess by Marciano GM00010 5744F;https://www.bigbuy.eu/7573633/ladies-sunglasses-guess-by-marciano-gm00010-5744f_1258177.jpg;-;1;1;0;5;1;1;-;60.82;0.00%;-;71.55;0.00%;Sunglasses
S72121966;Ladies' Sunglasses Guess GU7840 5753W;https://www.bigbuy.eu/7574085/ladies-sunglasses-guess-gu7840-5753w_1258292.jpg;-;6;1;0;5;6;1;-;51.02;0.00%;-;62.22;0.00%;Sunglasses
S72134191;Ladies' Sunglasses Polaroid PLD 6237_S_X 52789M9;https://www.bigbuy.eu/7569176/ladies-sunglasses-polaroid-pld-6237-s-x-52789m9_1257391.jpg;-;11;1;0;5;11;1;-;41.36;0.00%;-;50.44;0.00%;Sunglasses
S72134164;Ladies' Sunglasses Polaroid PLD 4133_S_X 55807M9;https://www.bigbuy.eu/7569164/ladies-sunglasses-polaroid-pld-4133-s-x-55807m9_1257384.jpg;-;18;1;0;5;18;1;-;47.22;0.00%;-;57.59;0.00%;Sunglasses
S72134156;Ladies' Sunglasses Polaroid PLD 6185_S 52807M9;https://www.bigbuy.eu/7569157/ladies-sunglasses-polaroid-pld-6185-s-52807m9_1257387.jpg;-;14;1;0;5;14;1;-;40.84;0.00%;-;49.8;0.00%;Sunglasses
S72134112;Ladies' Sunglasses Polaroid PLD 4181_S 5680SM9;https://www.bigbuy.eu/7569139/ladies-sunglasses-polaroid-pld-4181-s-5680sm9_1257379.jpg;-;10;1;0;5;10;1;-;38.39;0.00%;-;47.99;0.00%;Sunglasses
S72134059;Ladies' Sunglasses Michael Kors 0MK1089 5911086G;https://www.bigbuy.eu/7569187/ladies-sunglasses-michael-kors-0mk1089-5911086g_1257394.jpg;-;6;1;0;5;6;1;-;102.3;0.00%;-;116.25;0.00%;Sunglasses
S72134009;Ladies' Sunglasses Police SPLN59 560Z42;https://www.bigbuy.eu/7569124/ladies-sunglasses-police-spln59-560z42_1257373.jpg;-;5;1;0;5;5;1;-;63.91;0.00%;-;75.19;0.00%;Sunglasses
S72134008;Ladies' Sunglasses Police SPLN59 5601AY;https://www.bigbuy.eu/7569151/ladies-sunglasses-police-spln59-5601ay_1257381.jpg;-;5;1;0;5;5;1;-;63.91;0.00%;-;75.19;0.00%;Sunglasses
S72133995;Ladies' Sunglasses Police SPLL37E56300X;https://www.bigbuy.eu/7569134/ladies-sunglasses-police-spll37e56300x_1257376.jpg;-;15;1;0;5;15;1;-;63.91;0.00%;-;75.19;0.00%;Sunglasses
S72132181;Ladies' Sunglasses Barbour BAS-3032 54104;https://www.bigbuy.eu/7566676/ladies-sunglasses-barbour-bas-3032-54104_1257051.jpg;-;50;1;0;5;50;1;-;47.21;0.00%;-;57.57;0.00%;Sunglasses
S72133703;Ladies' Sunglasses Trussardi TSW9035 54E01;https://www.bigbuy.eu/7562074/ladies-sunglasses-trussardi-tsw9035-54e01_1256252.jpg;-;50;1;0;5;50;1;-;62.51;0.00%;-;73.54;0.00%;Sunglasses
S72133702;Ladies' Sunglasses Trussardi TSW9035 54A01;https://www.bigbuy.eu/7562065/ladies-sunglasses-trussardi-tsw9035-54a01_1256250.jpg;-;50;1;0;5;50;1;-;62.51;0.00%;-;73.54;0.00%;Sunglasses
S72133701;Ladies' Sunglasses Trussardi TSW9030 57H01;https://www.bigbuy.eu/7562061/ladies-sunglasses-trussardi-tsw9030-57h01_1256248.jpg;-;8;1;0;5;8;1;-;62.51;0.00%;-;73.54;0.00%;Sunglasses
S72133699;Ladies' Sunglasses Trussardi TSW3011 5609A;https://www.bigbuy.eu/7562077/ladies-sunglasses-trussardi-tsw3011-5609a_1256254.jpg;-;20;1;0;5;20;1;-;62.51;0.00%;-;73.54;0.00%;Sunglasses
S72133698;Ladies' Sunglasses Trussardi TSW3013 5803A;https://www.bigbuy.eu/7562069/ladies-sunglasses-trussardi-tsw3013-5803a_1256251.jpg;-;15;1;0;5;15;1;-;62.51;0.00%;-;73.54;0.00%;Sunglasses
S72133697;Ladies' Sunglasses Trussardi TSW3013 5804A;https://www.bigbuy.eu/7562046/ladies-sunglasses-trussardi-tsw3013-5804a_1256244.jpg;-;50;1;0;5;50;1;-;62.51;0.00%;-;73.54;0.00%;Sunglasses
S72133687;Ladies' Sunglasses Trussardi TSW9013 54D01;https://www.bigbuy.eu/7562040/ladies-sunglasses-trussardi-tsw9013-54d01_1256242.jpg;-;48;1;0;5;48;1;-;65.87;0.00%;-;77.49;0.00%;Sunglasses
S72133481;Ladies' Sunglasses Etro ETRO 0020_S;https://www.bigbuy.eu/7562023/ladies-sunglasses-etro-etro-0020-s_1256236.jpg;-;1;1;0;5;1;1;-;174.76;0.00%;-;194.18;0.00%;Sunglasses
S72133470;Ladies' Sunglasses Emilio Pucci EP0225 5672U;https://www.bigbuy.eu/7562026/ladies-sunglasses-emilio-pucci-ep0225-5672u_1256238.jpg;-;10;1;0;5;10;1;-;63.91;0.00%;-;75.19;0.00%;Sunglasses
S72133469;Ladies' Sunglasses Emilio Pucci EP0225 5632B;https://www.bigbuy.eu/7562025/ladies-sunglasses-emilio-pucci-ep0225-5632b_1256237.jpg;-;13;1;0;5;13;1;-;63.91;0.00%;-;75.19;0.00%;Sunglasses
S72133468;Ladies' Sunglasses Emilio Pucci EP0225 5616C;https://www.bigbuy.eu/7562017/ladies-sunglasses-emilio-pucci-ep0225-5616c_1256234.jpg;-;25;1;0;5;25;1;-;63.91;0.00%;-;75.19;0.00%;Sunglasses
S72133359;Ladies' Sunglasses Guess by Marciano GM00010 5783Z;https://www.bigbuy.eu/7550826/ladies-sunglasses-guess-by-marciano-gm00010-5783z_1254984.jpg;-;2;1;0;5;2;1;-;60.82;0.00%;-;71.55;0.00%;Sunglasses
S72133352;Ladies' Sunglasses Guess by Marciano GM00010 5781Z;https://www.bigbuy.eu/7550915/ladies-sunglasses-guess-by-marciano-gm00010-5781z_1255031.jpg;-;1;1;0;5;1;1;-;60.82;0.00%;-;71.55;0.00%;Sunglasses
S72133351;Ladies' Sunglasses Guess by Marciano GM00010 5774F;https://www.bigbuy.eu/7550871/ladies-sunglasses-guess-by-marciano-gm00010-5774f_1255008.jpg;-;5;1;0;5;5;1;-;60.82;0.00%;-;71.55;0.00%;Sunglasses
S72132370;Ladies' Sunglasses Gant GA00012 5528S;https://www.bigbuy.eu/7551076/ladies-sunglasses-gant-ga00012-5528s_1255093.jpg;-;14;1;0;5;14;1;-;47.21;0.00%;-;57.57;0.00%;Sunglasses
S72132369;Ladies' Sunglasses Gant GA00011 5632S;https://www.bigbuy.eu/7550768/ladies-sunglasses-gant-ga00011-5632s_1254952.jpg;-;12;1;0;5;12;1;-;47.21;0.00%;-;57.57;0.00%;Sunglasses
S72133420;Ladies' Sunglasses Benetton BE5086 52738;https://www.bigbuy.eu/7551003/ladies-sunglasses-benetton-be5086-52738_1255063.jpg;-;26;1;0;5;26;1;-;35.32;0.00%;-;44.15;0.00%;Sunglasses
S72133417;Ladies' Sunglasses Benetton BE5086 52661;https://www.bigbuy.eu/7551029/ladies-sunglasses-benetton-be5086-52661_1255076.jpg;-;27;1;0;5;27;1;-;35.32;0.00%;-;44.15;0.00%;Sunglasses
S72133415;Ladies' Sunglasses Benetton BE5085 53210;https://www.bigbuy.eu/7550911/ladies-sunglasses-benetton-be5085-53210_1255029.jpg;-;1;1;0;5;1;1;-;35.32;0.00%;-;44.15;0.00%;Sunglasses
S72133413;Ladies' Sunglasses Benetton BE5079 54725;https://www.bigbuy.eu/7550805/ladies-sunglasses-benetton-be5079-54725_1254973.jpg;-;9;1;0;5;9;1;-;35.32;0.00%;-;44.15;0.00%;Sunglasses
S72133411;Ladies' Sunglasses Benetton BE5067 51813;https://www.bigbuy.eu/7550905/ladies-sunglasses-benetton-be5067-51813_1255026.jpg;-;5;1;0;5;5;1;-;35.32;0.00%;-;44.15;0.00%;Sunglasses
S72133405;Ladies' Sunglasses O'Neill ONS-PRAIA 58195P;https://www.bigbuy.eu/7550846/ladies-sunglasses-o-neill-ons-praia-58195p_1254994.jpg;-;50;1;0;5;50;1;-;39.74;0.00%;-;48.46;0.00%;Sunglasses
S72133397;Ladies' Sunglasses Champion CUW5241 52C03;https://www.bigbuy.eu/7550775/ladies-sunglasses-champion-cuw5241-52c03_1254955.jpg;-;50;1;0;5;50;1;-;30.65;0.00%;-;38.31;0.00%;Sunglasses
S72133393;Ladies' Sunglasses Champion CUW5206 135C04;https://www.bigbuy.eu/7550928/ladies-sunglasses-champion-cuw5206-135c04_1255036.jpg;-;50;1;0;5;50;1;-;30.65;0.00%;-;38.31;0.00%;Sunglasses
S72132476;Ladies' Sunglasses Pepe Jeans PJ7411 52356;https://www.bigbuy.eu/7550894/ladies-sunglasses-pepe-jeans-pj7411-52356_1255021.jpg;-;33;1;0;5;33;1;-;38.81;0.00%;-;48.51;0.00%;Sunglasses
S72132474;Ladies' Sunglasses Pepe Jeans PJ5213 52910;https://www.bigbuy.eu/7550837/ladies-sunglasses-pepe-jeans-pj5213-52910_1254990.jpg;-;50;1;0;5;50;1;-;37.97;0.00%;-;47.46;0.00%;Sunglasses
S72132465;Ladies' Sunglasses Pepe Jeans PJ5213 52401;https://www.bigbuy.eu/7550815/ladies-sunglasses-pepe-jeans-pj5213-52401_1254977.jpg;-;17;1;0;5;17;1;-;38.81;0.00%;-;48.51;0.00%;Sunglasses
S72132444;Ladies' Sunglasses Max Mara MM0072 6052E;https://www.bigbuy.eu/7551089/ladies-sunglasses-max-mara-mm0072-6052e_1255097.jpg;-;49;1;0;5;49;1;-;65.71;0.00%;-;77.31;0.00%;Sunglasses
S72132441;Ladies' Sunglasses Love Moschino MOL051_CS;https://www.bigbuy.eu/7550723/ladies-sunglasses-love-moschino-mol051-cs_1254936.jpg;-;1;1;0;5;1;1;-;112.38;0.00%;-;124.87;0.00%;Sunglasses
S72132411;Ladies' Sunglasses Longchamp LO699S 53240;https://www.bigbuy.eu/7550730/ladies-sunglasses-longchamp-lo699s-53240_1254940.jpg;-;1;1;0;5;1;1;-;70.09;0.00%;-;82.46;0.00%;Sunglasses
S72133419;Ladies' Sunglasses Benetton BE5086 52210;https://www.bigbuy.eu/7549226/ladies-sunglasses-benetton-be5086-52210_1254691.jpg;-;22;1;0;5;22;1;-;35.32;0.00%;-;44.15;0.00%;Sunglasses
S72133416;Ladies' Sunglasses Benetton BE5085 53748;https://www.bigbuy.eu/7549223/ladies-sunglasses-benetton-be5085-53748_1254690.jpg;-;12;1;0;5;12;1;-;35.32;0.00%;-;44.15;0.00%;Sunglasses
S72133412;Ladies' Sunglasses Benetton BE5079 54205;https://www.bigbuy.eu/7549217/ladies-sunglasses-benetton-be5079-54205_1254688.jpg;-;10;1;0;5;10;1;-;35.32;0.00%;-;44.15;0.00%;Sunglasses
S72133410;Ladies' Sunglasses Benetton BE5067 51764;https://www.bigbuy.eu/7549213/ladies-sunglasses-benetton-be5067-51764_1254687.jpg;-;10;1;0;5;10;1;-;35.32;0.00%;-;44.15;0.00%;Sunglasses
S72133404;Ladies' Sunglasses O'Neill ONS-PRAIA 58100P;https://www.bigbuy.eu/7549207/ladies-sunglasses-o-neill-ons-praia-58100p_1254685.jpg;-;50;1;0;5;50;1;-;39.74;0.00%;-;48.46;0.00%;Sunglasses
S72133395;Ladies' Sunglasses Champion CUW5233 139C01;https://www.bigbuy.eu/7549205/ladies-sunglasses-champion-cuw5233-139c01_1254684.jpg;-;44;1;0;5;44;1;-;30.65;0.00%;-;38.31;0.00%;Sunglasses
S72133392;Ladies' Sunglasses Champion CUW5206 135C01;https://www.bigbuy.eu/7549202/ladies-sunglasses-champion-cuw5206-135c01_1254683.jpg;-;50;1;0;5;50;1;-;30.65;0.00%;-;38.31;0.00%;Sunglasses
S72132466;Ladies' Sunglasses Pepe Jeans PJ7403 56101;https://www.bigbuy.eu/7549183/ladies-sunglasses-pepe-jeans-pj7403-56101_1254677.jpg;-;30;1;0;5;30;1;-;38.81;0.00%;-;48.51;0.00%;Sunglasses
S72132445;Ladies' Sunglasses Max Mara MM0073 6050E;https://www.bigbuy.eu/7549184/ladies-sunglasses-max-mara-mm0073-6050e_1254676.jpg;-;2;1;0;5;2;1;-;63.91;0.00%;-;75.19;0.00%;Sunglasses
S72132440;Ladies' Sunglasses Love Moschino MOL051_CS;https://www.bigbuy.eu/7549195/ladies-sunglasses-love-moschino-mol051-cs_1254680.jpg;-;1;1;0;5;1;1;-;112.38;0.00%;-;124.87;0.00%;Sunglasses
S72132410;Ladies' Sunglasses Carrera VICTORY C 12_S 552M2IR;https://www.bigbuy.eu/7549170/ladies-sunglasses-carrera-victory-c-12-s-552m2ir_1254674.jpg;-;7;1;0;5;7;1;-;75.16;0.00%;-;85.41;0.00%;Sunglasses
S0597734;Ladies' Sunglasses MAX&Co MO0052 Habana Ø 50 mm;https://www.bigbuy.eu/7545384/ladies-sunglasses-max-co-mo0052-habana-oe-50-mm_1254108.jpg;-;1;1;0;5;1;1;-;51.31;0.00%;-;57.65;0.00%;Sunglasses
S05142470;Ladies' Sunglasses Adidas SP0075;https://www.bigbuy.eu/7545041/ladies-sunglasses-adidas-sp0075_1254066.jpg;-;1;1;0;5;1;1;-;64.27;0.00%;-;71.41;0.00%;Sunglasses
S72132244;Ladies' Sunglasses Converse CV535S 54691;https://www.bigbuy.eu/7530491/ladies-sunglasses-converse-cv535s-54691_1251909.jpg;-;19;1;0;5;19;1;-;52.41;0.00%;-;63.91;0.00%;Sunglasses
S72132243;Ladies' Sunglasses Converse CV535S 54281;https://www.bigbuy.eu/7530456/ladies-sunglasses-converse-cv535s-54281_1251901.jpg;-;23;1;0;5;23;1;-;52.41;0.00%;-;63.91;0.00%;Sunglasses
S72132242;Ladies' Sunglasses Converse CV535S 54001;https://www.bigbuy.eu/7530558/ladies-sunglasses-converse-cv535s-54001_1251919.jpg;-;24;1;0;5;24;1;-;52.41;0.00%;-;63.91;0.00%;Sunglasses
S72132241;Ladies' Sunglasses Converse CV801S 55682;https://www.bigbuy.eu/7530734/ladies-sunglasses-converse-cv801s-55682_1251954.jpg;-;21;1;0;5;21;1;-;52.41;0.00%;-;63.91;0.00%;Sunglasses
S72132240;Ladies' Sunglasses Converse CV801S 55440;https://www.bigbuy.eu/7530730/ladies-sunglasses-converse-cv801s-55440_1251953.jpg;-;13;1;0;5;13;1;-;52.41;0.00%;-;63.91;0.00%;Sunglasses
S72132239;Ladies' Sunglasses Converse CV501S 56001;https://www.bigbuy.eu/7530679/ladies-sunglasses-converse-cv501s-56001_1251943.jpg;-;49;1;0;5;49;1;-;52.41;0.00%;-;63.91;0.00%;Sunglasses
S72132174;Ladies' Sunglasses Funky Buddha FBS2024 57004;https://www.bigbuy.eu/7530406/ladies-sunglasses-funky-buddha-fbs2024-57004_1251891.jpg;-;23;1;0;5;23;1;-;38.81;0.00%;-;48.51;0.00%;Sunglasses
S72132124;Ladies' Sunglasses Vogue VO 5669S;https://www.bigbuy.eu/7530355/ladies-sunglasses-vogue-vo-5669s_1251876.jpg;-;1;1;0;5;1;1;-;90.0;0.00%;-;102.27;0.00%;Sunglasses
S72132123;Ladies' Sunglasses Vogue VO 5669S;https://www.bigbuy.eu/7530354/ladies-sunglasses-vogue-vo-5669s_1251875.jpg;-;1;1;0;5;1;1;-;77.43;0.00%;-;87.99;0.00%;Sunglasses
S72132122;Ladies' Sunglasses Vogue VO 5666S;https://www.bigbuy.eu/7530352/ladies-sunglasses-vogue-vo-5666s_1251874.jpg;-;1;1;0;5;1;1;-;73.01;0.00%;-;82.97;0.00%;Sunglasses
S72132120;Ladies' Sunglasses Vogue VO 5672S;https://www.bigbuy.eu/7530348/ladies-sunglasses-vogue-vo-5672s_1251872.jpg;-;1;1;0;5;1;1;-;96.29;0.00%;-;109.42;0.00%;Sunglasses
S72132119;Ladies' Sunglasses Vogue VO 5658SU;https://www.bigbuy.eu/7530344/ladies-sunglasses-vogue-vo-5658su_1251871.jpg;-;2;1;0;5;2;1;-;77.43;0.00%;-;87.99;0.00%;Sunglasses
S72132076;Ladies' Sunglasses Police IMPACT 5 SPL189;https://www.bigbuy.eu/7530364/ladies-sunglasses-police-impact-5-spl189_1251878.jpg;-;1;1;0;5;1;1;-;108.76;0.00%;-;123.59;0.00%;Sunglasses
S72131866;Ladies' Sunglasses Bulget BG3364 6009A;https://www.bigbuy.eu/7514786/ladies-sunglasses-bulget-bg3364-6009a_1249866.jpg;-;6;1;0;5;6;1;-;40.65;0.00%;-;49.57;0.00%;Sunglasses
S72131864;Ladies' Sunglasses Dolce & Gabbana PRINTED DG 4370;https://www.bigbuy.eu/7515258/ladies-sunglasses-dolce-gabbana-printed-dg-4370_1249980.jpg;-;1;1;0;5;1;1;-;163.38;0.00%;-;181.53;0.00%;Sunglasses
S72131359;Ladies' Sunglasses Italia Independent I-MIRROR II 0033M;https://www.bigbuy.eu/7514852/ladies-sunglasses-italia-independent-i-mirror-ii-0033m_1249889.jpg;-;1;1;0;5;1;1;-;114.61;0.00%;-;127.34;0.00%;Sunglasses
S05142503;Ladies' Sunglasses Guess GU00148;https://www.bigbuy.eu/7502327/ladies-sunglasses-guess-gu00148_1248236.jpg;-;1;1;0;5;1;1;-;46.79;0.00%;-;52.57;0.00%;Sunglasses
S05142501;Ladies' Sunglasses Guess GU00148;https://www.bigbuy.eu/7502325/ladies-sunglasses-guess-gu00148_1248234.jpg;-;1;1;0;5;1;1;-;46.79;0.00%;-;52.57;0.00%;Sunglasses
S05123416;Ladies' Sunglasses Guess GU00099 Ø 55 mm;https://www.bigbuy.eu/7502324/ladies-sunglasses-guess-gu00099-oe-55-mm_1248233.jpg;-;1;1;0;5;1;1;-;48.83;0.00%;-;54.87;0.00%;Sunglasses
S72131260;Ladies' Sunglasses Botaniq MOD. BIS-7010 61104;https://www.bigbuy.eu/7481556/ladies-sunglasses-botaniq-mod-bis-7010-61104_1245397.jpg;-;50;1;0;5;50;1;-;38.81;0.00%;-;48.51;0.00%;Sunglasses
S72131258;Ladies' Sunglasses Botaniq MOD. BIS-7005 50104;https://www.bigbuy.eu/7481540/ladies-sunglasses-botaniq-mod-bis-7005-50104_1245392.jpg;-;45;1;0;5;45;1;-;38.81;0.00%;-;48.51;0.00%;Sunglasses
S72131257;Ladies' Sunglasses Botaniq MOD. BIS-7002 52104;https://www.bigbuy.eu/7481498/ladies-sunglasses-botaniq-mod-bis-7002-52104_1245377.jpg;-;48;1;0;5;48;1;-;38.81;0.00%;-;48.51;0.00%;Sunglasses
S72131256;Ladies' Sunglasses Botaniq MOD. BIS-7002 52102;https://www.bigbuy.eu/7481550/ladies-sunglasses-botaniq-mod-bis-7002-52102_1245395.jpg;-;3;1;0;5;3;1;-;38.81;0.00%;-;48.51;0.00%;Sunglasses
S72131255;Ladies' Sunglasses Botaniq MOD. BIS-7001 55172;https://www.bigbuy.eu/7481484/ladies-sunglasses-botaniq-mod-bis-7001-55172_1245374.jpg;-;27;1;0;5;27;1;-;38.81;0.00%;-;48.51;0.00%;Sunglasses
S72131254;Ladies' Sunglasses Botaniq MOD. BIS-7001 55125;https://www.bigbuy.eu/7481511/ladies-sunglasses-botaniq-mod-bis-7001-55125_1245381.jpg;-;50;1;0;5;50;1;-;38.81;0.00%;-;48.51;0.00%;Sunglasses
S72131253;Ladies' Sunglasses Botaniq MOD. BIS-7001 55104;https://www.bigbuy.eu/7481485/ladies-sunglasses-botaniq-mod-bis-7001-55104_1245373.jpg;-;21;1;0;5;21;1;-;38.81;0.00%;-;48.51;0.00%;Sunglasses
S72131152;Ladies' Sunglasses Jimmy Choo JC 4018;https://www.bigbuy.eu/7481395/ladies-sunglasses-jimmy-choo-jc-4018_1245341.jpg;-;1;1;0;5;1;1;-;199.73;0.00%;-;219.48;0.00%;Sunglasses
S72131099;Ladies' Sunglasses Kate Spade FRIDA_G_S;https://www.bigbuy.eu/7481381/ladies-sunglasses-kate-spade-frida-g-s_1245334.jpg;-;1;1;0;5;1;1;-;142.09;0.00%;-;157.88;0.00%;Sunglasses
S72130947;Ladies' Sunglasses Botaniq MOD. BIS-7006 53197;https://www.bigbuy.eu/7469551/ladies-sunglasses-botaniq-mod-bis-7006-53197_1243688.jpg;-;18;1;0;5;18;1;-;38.81;0.00%;-;48.51;0.00%;Sunglasses
S72130946;Ladies' Sunglasses Botaniq MOD. BIS-7005 50152;https://www.bigbuy.eu/7470172/ladies-sunglasses-botaniq-mod-bis-7005-50152_1243796.jpg;-;43;1;0;5;43;1;-;38.81;0.00%;-;48.51;0.00%;Sunglasses
S72130743;Ladies' Sunglasses O'Neill ONS-KEALIA2-0 55151P;https://www.bigbuy.eu/7431164/ladies-sunglasses-o-neill-ons-kealia2-0-55151p_1241744.jpg;-;30;1;0;5;30;1;-;40.65;0.00%;-;49.57;0.00%;Sunglasses
S72130742;Ladies' Sunglasses O'Neill ONS-GODREVY2-0 55151P;https://www.bigbuy.eu/7431607/ladies-sunglasses-o-neill-ons-godrevy2-0-55151p_1241803.jpg;-;8;1;0;5;8;1;-;39.74;0.00%;-;48.46;0.00%;Sunglasses
S72130628;Ladies' Sunglasses Tommy Hilfiger TH 2292_S;https://www.bigbuy.eu/7416076/ladies-sunglasses-tommy-hilfiger-th-2292-s_1239615.jpg;-;1;1;0;5;1;1;-;113.87;0.00%;-;126.52;0.00%;Sunglasses
S72130627;Ladies' Sunglasses Tommy Hilfiger TH 2289_S;https://www.bigbuy.eu/7416073/ladies-sunglasses-tommy-hilfiger-th-2289-s_1239614.jpg;-;1;1;0;5;1;1;-;125.02;0.00%;-;138.91;0.00%;Sunglasses
S72130624;Ladies' Sunglasses Tommy Hilfiger TH 2285_S;https://www.bigbuy.eu/7416072/ladies-sunglasses-tommy-hilfiger-th-2285-s_1239613.jpg;-;1;1;0;5;1;1;-;131.69;0.00%;-;146.32;0.00%;Sunglasses
S72130251;Ladies' Sunglasses Emporio Armani EA 4259U;https://www.bigbuy.eu/7414134/ladies-sunglasses-emporio-armani-ea-4259u_1239219.jpg;-;1;1;0;5;1;1;-;123.58;0.00%;-;137.31;0.00%;Sunglasses
S05125071;Ladies' Sunglasses Emilio Pucci EP0223 Black ø 54 mm;https://www.bigbuy.eu/7354143/ladies-sunglasses-emilio-pucci-ep0223-black-oe-54-mm_1236440.jpg;-;1;1;0;5;1;1;-;147.85;0.00%;-;164.28;0.00%;Sunglasses
S05110548;Ladies' Sunglasses Guess GU7878 01B Ø 55 mm;https://www.bigbuy.eu/7372717/ladies-sunglasses-guess-gu7878-01b-oe-55-mm_1237594.jpg;-;1;1;0;5;1;1;-;42.84;0.00%;-;48.13;0.00%;Sunglasses
S05142507;Ladies' Sunglasses Guess GU00150;https://www.bigbuy.eu/7312616/ladies-sunglasses-guess-gu00150_1235336.jpg;-;1;1;0;5;1;1;-;46.79;0.00%;-;52.57;0.00%;Sunglasses
S0591799;Ladies' Sunglasses Guess Guess B Black ø 54 mm;https://www.bigbuy.eu/7297333/ladies-sunglasses-guess-guess-b-black-oe-54-mm_1234610.jpg;-;1;1;0;5;1;1;-;42.26;0.00%;-;47.48;0.00%;Sunglasses
S05142701;Ladies' Sunglasses MAX&Co MO0115;https://www.bigbuy.eu/7284083/ladies-sunglasses-max-co-mo0115_1234582.jpg;-;1;1;0;5;1;1;-;55.43;0.00%;-;61.59;0.00%;Sunglasses
S72129889;Ladies' Sunglasses Nike NIKE CRESCENT II EV24018;https://www.bigbuy.eu/7256574/ladies-sunglasses-nike-nike-crescent-ii-ev24018_1233112.jpg;-;1;1;0;5;1;1;-;104.99;0.00%;-;119.31;0.00%;Sunglasses
S0394364;Ladies' Sunglasses Guess GO00037-0032A;https://www.bigbuy.eu/7240190/ladies-sunglasses-guess-go00037-0032a_1232293.jpg;-;1;1;0;5;0;1;-;24.39;0.00%;-;30.11;0.00%;Sunglasses
S72129572;Ladies' Sunglasses Carrera VICTORY C 18_S;https://www.bigbuy.eu/7162226/ladies-sunglasses-carrera-victory-c-18-s_1228961.jpg;-;1;1;0;5;1;1;-;139.13;0.00%;-;154.59;0.00%;Sunglasses
S72129400;Ladies' Sunglasses Etro ETRO 0108_S;https://www.bigbuy.eu/7162222/ladies-sunglasses-etro-etro-0108-s_1228960.jpg;-;1;1;0;5;1;1;-;197.52;0.00%;-;217.05;0.00%;Sunglasses
S72129379;Ladies' Sunglasses Vogue VO5655SU;https://www.bigbuy.eu/7162219/ladies-sunglasses-vogue-vo5655su_1228958.jpg;-;1;1;0;5;1;1;-;90.0;0.00%;-;102.27;0.00%;Sunglasses
S72129700;Ladies' Sunglasses Moschino MOS178_S;https://www.bigbuy.eu/7152813/ladies-sunglasses-moschino-mos178-s_1228492.jpg;-;1;1;0;5;1;1;-;147.29;0.00%;-;163.66;0.00%;Sunglasses
S72128788;Ladies' Sunglasses Scotch & Soda SS7037 51236;https://www.bigbuy.eu/6972726/ladies-sunglasses-scotch-soda-ss7037-51236_1219568.jpg;-;1;1;0;5;1;1;-;49.22;0.00%;-;60.02;0.00%;Sunglasses
S72128783;Ladies' Sunglasses Carolina Herrera HER 0328_S;https://www.bigbuy.eu/6972740/ladies-sunglasses-carolina-herrera-her-0328-s_1219569.jpg;-;1;1;0;5;1;1;-;159.91;0.00%;-;177.68;0.00%;Sunglasses
S72128340;Ladies' Sunglasses Kate Spade KS LAYNE 2_G_S;https://www.bigbuy.eu/6911684/ladies-sunglasses-kate-spade-ks-layne-2-g-s_1216713.jpg;-;1;1;0;5;1;1;-;134.65;0.00%;-;149.61;0.00%;Sunglasses
S72128331;Ladies' Sunglasses Polaroid PLD 6244_S_X;https://www.bigbuy.eu/6908090/ladies-sunglasses-polaroid-pld-6244-s-x_1216645.jpg;-;1;1;0;5;1;1;-;60.72;0.00%;-;71.44;0.00%;Sunglasses
S72128324;Ladies' Sunglasses Moschino MOS204_S;https://www.bigbuy.eu/6921278/ladies-sunglasses-moschino-mos204-s_1216972.jpg;-;1;1;0;5;1;1;-;325.29;0.00%;-;357.46;0.00%;Sunglasses
S72128322;Ladies' Sunglasses Moschino MOS196_S;https://www.bigbuy.eu/6910854/ladies-sunglasses-moschino-mos196-s_1216698.jpg;-;1;1;0;5;1;1;-;164.36;0.00%;-;182.62;0.00%;Sunglasses
S72128323;Ladies' Sunglasses Moschino MOS198_S;https://www.bigbuy.eu/6927256/ladies-sunglasses-moschino-mos198-s_1217085.jpg;-;1;1;0;5;1;1;-;157.69;0.00%;-;175.21;0.00%;Sunglasses
S72128320;Ladies' Sunglasses Missoni MIS 0247_S;https://www.bigbuy.eu/6922326/ladies-sunglasses-missoni-mis-0247-s_1216996.jpg;-;1;1;0;5;1;1;-;166.59;0.00%;-;185.1;0.00%;Sunglasses
S72128275;Ladies' Sunglasses Kate Spade KS DAESHA 2_G_S;https://www.bigbuy.eu/6882212/ladies-sunglasses-kate-spade-ks-daesha-2-g-s_1215908.jpg;-;1;1;0;5;1;1;-;154.72;0.00%;-;171.91;0.00%;Sunglasses
S72128274;Ladies' Sunglasses Kate Spade KS DAESHA 2_G_S;https://www.bigbuy.eu/6882205/ladies-sunglasses-kate-spade-ks-daesha-2-g-s_1215905.jpg;-;1;1;0;5;1;1;-;134.65;0.00%;-;149.61;0.00%;Sunglasses
S72128273;Ladies' Sunglasses Kate Spade KS AISHA 2_S;https://www.bigbuy.eu/6882072/ladies-sunglasses-kate-spade-ks-aisha-2-s_1215863.jpg;-;1;1;0;5;1;1;-;107.93;0.00%;-;119.92;0.00%;Sunglasses
S72128272;Ladies' Sunglasses Kate Spade KS AISHA 2_S;https://www.bigbuy.eu/6882198/ladies-sunglasses-kate-spade-ks-aisha-2-s_1215902.jpg;-;1;1;0;5;1;1;-;107.93;0.00%;-;119.92;0.00%;Sunglasses
S72128256;Ladies' Sunglasses Marc Jacobs MARC 496_S AIR;https://www.bigbuy.eu/6882118/ladies-sunglasses-marc-jacobs-marc-496-s-air_1215880.jpg;-;1;1;0;5;1;1;-;179.05;0.00%;-;196.76;0.00%;Sunglasses
S72128242;Ladies' Sunglasses Carrera VICTORY C 18_S;https://www.bigbuy.eu/6882210/ladies-sunglasses-carrera-victory-c-18-s_1215906.jpg;-;1;1;0;5;1;1;-;133.18;0.00%;-;147.98;0.00%;Sunglasses
S72128230;Ladies' Sunglasses Etro ETRO 0118_S;https://www.bigbuy.eu/6881996/ladies-sunglasses-etro-etro-0118-s_1215843.jpg;-;1;1;0;5;1;1;-;148.77;0.00%;-;165.3;0.00%;Sunglasses
S72128229;Ladies' Sunglasses Etro ETRO 0103_S;https://www.bigbuy.eu/6881993/ladies-sunglasses-etro-etro-0103-s_1215842.jpg;-;1;1;0;5;1;1;-;217.46;0.00%;-;238.97;0.00%;Sunglasses
S72128228;Ladies' Sunglasses Etro ETRO 0106_S;https://www.bigbuy.eu/7406855/ladies-sunglasses-etro-etro-0106-s_1215844.jpg;-;1;1;0;5;1;1;-;222.63;0.00%;-;244.65;0.00%;Sunglasses
S72128166;Ladies' Sunglasses Carolina Herrera HER 0323_S;https://www.bigbuy.eu/6869830/ladies-sunglasses-carolina-herrera-her-0323-s_1215069.jpg;-;1;1;0;5;1;1;-;185.7;0.00%;-;204.07;0.00%;Sunglasses
S72128075;Ladies' Sunglasses Guess GU00190;https://www.bigbuy.eu/6827749/ladies-sunglasses-guess-gu00190_1212973.jpg;-;1;1;0;5;1;1;-;95.17;0.00%;-;108.15;0.00%;Sunglasses
S72128048;Ladies' Sunglasses Guess GU7748;https://www.bigbuy.eu/6815193/ladies-sunglasses-guess-gu7748_1212100.jpg;-;1;1;0;5;1;1;-;79.3;0.00%;-;90.11;0.00%;Sunglasses
S72127914;Ladies' Sunglasses Nike NIKE CRESCENT II EV24018;https://www.bigbuy.eu/6733056/ladies-sunglasses-nike-nike-crescent-ii-ev24018_1209410.jpg;-;1;1;0;5;1;1;-;104.99;0.00%;-;119.31;0.00%;Sunglasses
S72127910;Ladies' Sunglasses Scotch & Soda SS7032 54213;https://www.bigbuy.eu/6733045/ladies-sunglasses-scotch-soda-ss7032-54213_1209407.jpg;-;24;1;0;5;24;1;-;50.51;0.00%;-;61.6;0.00%;Sunglasses
S72127449;Ladies' Sunglasses Carrera CARRERA 3014_S;https://www.bigbuy.eu/6701889/ladies-sunglasses-carrera-carrera-3014-s_1208008.jpg;-;1;1;0;5;1;1;-;122.77;0.00%;-;136.41;0.00%;Sunglasses
S72127435;Ladies' Sunglasses Max Mara MM0124 SPARK6;https://www.bigbuy.eu/6701044/ladies-sunglasses-max-mara-mm0124-spark6_1207929.jpg;-;1;1;0;5;1;1;-;166.59;0.00%;-;185.1;0.00%;Sunglasses
S72127434;Ladies' Sunglasses Carrera CARRERA 3014_S;https://www.bigbuy.eu/6702065/ladies-sunglasses-carrera-carrera-3014-s_1208017.jpg;-;1;1;0;5;1;1;-;122.77;0.00%;-;136.41;0.00%;Sunglasses
S72127201;Ladies' Sunglasses Tommy Hilfiger TH 2208_S 538079O;https://www.bigbuy.eu/6701850/ladies-sunglasses-tommy-hilfiger-th-2208-s-538079o_1208004.jpg;-;3;1;0;5;3;1;-;93.17;0.00%;-;105.88;0.00%;Sunglasses
S72127343;Ladies' Sunglasses Dolce & Gabbana DG 4414;https://www.bigbuy.eu/6650439/ladies-sunglasses-dolce-gabbana-dg-4414_1206197.jpg;-;1;1;0;5;1;1;-;177.86;0.00%;-;197.62;0.00%;Sunglasses
S72127339;Ladies' Sunglasses Vogue VO 5558S;https://www.bigbuy.eu/6644481/ladies-sunglasses-vogue-vo-5558s_1205650.jpg;-;3;1;0;5;3;1;-;77.43;0.00%;-;87.99;0.00%;Sunglasses
S72127340;Ladies' Sunglasses Jimmy Choo JC 4013D;https://www.bigbuy.eu/6649585/ladies-sunglasses-jimmy-choo-jc-4013d_1206133.jpg;-;5;1;0;5;5;1;-;175.99;0.00%;-;195.54;0.00%;Sunglasses
S72127337;Ladies' Sunglasses Calvin Klein CK21130S;https://www.bigbuy.eu/6650470/ladies-sunglasses-calvin-klein-ck21130s_1206167.jpg;-;1;1;0;5;1;1;-;122.03;0.00%;-;135.59;0.00%;Sunglasses
S72127338;Ladies' Sunglasses Vogue VO 5520S;https://www.bigbuy.eu/6650401/ladies-sunglasses-vogue-vo-5520s_1206164.jpg;-;3;1;0;5;3;1;-;73.01;0.00%;-;82.97;0.00%;Sunglasses
S72127111;Ladies' Sunglasses Carolina Herrera HER 0221_G_S;https://www.bigbuy.eu/6479407/ladies-sunglasses-carolina-herrera-her-0221-g-s_1201623.jpg;-;1;1;0;5;1;1;-;185.7;0.00%;-;204.07;0.00%;Sunglasses
S72127062;Ladies' Sunglasses Scotch & Soda SS7034 53010;https://www.bigbuy.eu/6479558/ladies-sunglasses-scotch-soda-ss7034-53010_1201680.jpg;-;1;1;0;5;1;1;-;50.51;0.00%;-;61.6;0.00%;Sunglasses
S72126859;Ladies' Sunglasses Burberry MAMMOTH BE 4277;https://www.bigbuy.eu/6479524/ladies-sunglasses-burberry-mammoth-be-4277_1201673.jpg;-;1;1;0;5;1;1;-;151.01;0.00%;-;167.79;0.00%;Sunglasses
S72126321;Ladies' Sunglasses Levi's LV 5074_S 48PJP70;https://www.bigbuy.eu/6463744/ladies-sunglasses-levi-s-lv-5074-s-48pjp70_1200476.jpg;-;1;1;0;5;1;1;-;78.08;0.00%;-;88.73;0.00%;Sunglasses
S72126693;Ladies' Sunglasses Dolce & Gabbana DG 4490;https://www.bigbuy.eu/6288431/ladies-sunglasses-dolce-gabbana-dg-4490_1196923.jpg;-;4;1;0;5;4;1;-;208.97;0.00%;-;229.64;0.00%;Sunglasses
S72126692;Ladies' Sunglasses Dolce & Gabbana DG 4490;https://www.bigbuy.eu/6288837/ladies-sunglasses-dolce-gabbana-dg-4490_1196936.jpg;-;5;1;0;5;5;1;-;208.97;0.00%;-;229.64;0.00%;Sunglasses
S72126691;Ladies' Sunglasses Dolce & Gabbana DG 2311;https://www.bigbuy.eu/6290622/ladies-sunglasses-dolce-gabbana-dg-2311_1197092.jpg;-;2;1;0;5;2;1;-;302.38;0.00%;-;332.29;0.00%;Sunglasses
S72126690;Ladies' Sunglasses Dolce & Gabbana DG 2311;https://www.bigbuy.eu/6288829/ladies-sunglasses-dolce-gabbana-dg-2311_1196933.jpg;-;1;1;0;5;1;1;-;302.38;0.00%;-;332.29;0.00%;Sunglasses
S72126688;Ladies' Sunglasses Dolce & Gabbana DG 4414;https://www.bigbuy.eu/6290488/ladies-sunglasses-dolce-gabbana-dg-4414_1197051.jpg;-;2;1;0;5;2;1;-;177.86;0.00%;-;197.62;0.00%;Sunglasses
S72126687;Ladies' Sunglasses Dolce & Gabbana DG 4480;https://www.bigbuy.eu/6290610/ladies-sunglasses-dolce-gabbana-dg-4480_1197086.jpg;-;2;1;0;5;2;1;-;227.44;0.00%;-;249.93;0.00%;Sunglasses
S72126482;Ladies' Sunglasses Vogue VO 5576SB;https://www.bigbuy.eu/6288421/ladies-sunglasses-vogue-vo-5576sb_1196922.jpg;-;9;1;0;5;9;1;-;103.21;0.00%;-;117.28;0.00%;Sunglasses
S72126481;Ladies' Sunglasses Vogue VO 5525S;https://www.bigbuy.eu/6288820/ladies-sunglasses-vogue-vo-5525s_1196932.jpg;-;4;1;0;5;4;1;-;83.71;0.00%;-;95.12;0.00%;Sunglasses
S72126466;Ladies' Sunglasses Burberry BE 4407;https://www.bigbuy.eu/6290471/ladies-sunglasses-burberry-be-4407_1197047.jpg;-;5;1;0;5;5;1;-;163.62;0.00%;-;181.8;0.00%;Sunglasses
S72126432;Ladies' Sunglasses Ralph Lauren RA 5298U;https://www.bigbuy.eu/6290582/ladies-sunglasses-ralph-lauren-ra-5298u_1197074.jpg;-;2;1;0;5;2;1;-;106.38;0.00%;-;120.89;0.00%;Sunglasses
S72126422;Ladies' Sunglasses Jimmy Choo JC 5026U;https://www.bigbuy.eu/6290441/ladies-sunglasses-jimmy-choo-jc-5026u_1197044.jpg;-;1;1;0;5;1;1;-;163.62;0.00%;-;181.8;0.00%;Sunglasses
S72126421;Ladies' Sunglasses Jimmy Choo JC 4011;https://www.bigbuy.eu/6289884/ladies-sunglasses-jimmy-choo-jc-4011_1196998.jpg;-;2;1;0;5;2;1;-;175.99;0.00%;-;195.54;0.00%;Sunglasses
S72126420;Ladies' Sunglasses Jimmy Choo JC 6001U;https://www.bigbuy.eu/6290606/ladies-sunglasses-jimmy-choo-jc-6001u_1197083.jpg;-;3;1;0;5;3;1;-;212.03;0.00%;-;233.0;0.00%;Sunglasses
S72126419;Ladies' Sunglasses Jimmy Choo JC 5022B;https://www.bigbuy.eu/6290422/ladies-sunglasses-jimmy-choo-jc-5022b_1197041.jpg;-;4;1;0;5;4;1;-;187.43;0.00%;-;205.97;0.00%;Sunglasses
S72126416;Ladies' Sunglasses Jimmy Choo JC 5018U;https://www.bigbuy.eu/6289771/ladies-sunglasses-jimmy-choo-jc-5018u_1196996.jpg;-;2;1;0;5;2;1;-;163.62;0.00%;-;181.8;0.00%;Sunglasses
S72126415;Ladies' Sunglasses Michael Kors BORDEAUX MK 2215;https://www.bigbuy.eu/6289270/ladies-sunglasses-michael-kors-bordeaux-mk-2215_1196957.jpg;-;2;1;0;5;2;1;-;126.83;0.00%;-;140.92;0.00%;Sunglasses
S72126414;Ladies' Sunglasses Michael Kors HARBOUR ISLAND MK 2195U;https://www.bigbuy.eu/6288404/ladies-sunglasses-michael-kors-harbour-island-mk-2195u_1196921.jpg;-;2;1;0;5;2;1;-;101.16;0.00%;-;114.95;0.00%;Sunglasses
S72126413;Ladies' Sunglasses Michael Kors EMPIRE OVAL MK 2192;https://www.bigbuy.eu/6290608/ladies-sunglasses-michael-kors-empire-oval-mk-2192_1197085.jpg;-;3;1;0;5;3;1;-;126.83;0.00%;-;140.92;0.00%;Sunglasses
S72126391;Ladies' Sunglasses Guess GU00132 5892W;https://www.bigbuy.eu/6290377/ladies-sunglasses-guess-gu00132-5892w_1197036.jpg;-;50;1;0;5;50;1;-;51.02;0.00%;-;62.22;0.00%;Sunglasses
S72126390;Ladies' Sunglasses Guess GU00111 5673B;https://www.bigbuy.eu/6290559/ladies-sunglasses-guess-gu00111-5673b_1197068.jpg;-;50;1;0;5;50;1;-;52.41;0.00%;-;63.91;0.00%;Sunglasses
S72126110;Ladies' Sunglasses Etro ETRO 0010_S;https://www.bigbuy.eu/6290393/ladies-sunglasses-etro-etro-0010-s_1196979.jpg;-;1;1;0;5;1;1;-;161.4;0.00%;-;179.33;0.00%;Sunglasses
S72123495;Ladies' Sunglasses Funky Buddha FBS2041 48003;https://www.bigbuy.eu/6288382/ladies-sunglasses-funky-buddha-fbs2041-48003_1196918.jpg;-;50;1;0;5;50;1;-;38.81;0.00%;-;48.51;0.00%;Sunglasses
S72123493;Ladies' Sunglasses Funky Buddha FBS2041 48001;https://www.bigbuy.eu/6290549/ladies-sunglasses-funky-buddha-fbs2041-48001_1197065.jpg;-;26;1;0;5;26;1;-;38.81;0.00%;-;48.51;0.00%;Sunglasses
S72123492;Ladies' Sunglasses Funky Buddha FBS2040 53002;https://www.bigbuy.eu/6290050/ladies-sunglasses-funky-buddha-fbs2040-53002_1197016.jpg;-;19;1;0;5;19;1;-;38.81;0.00%;-;48.51;0.00%;Sunglasses
S72123490;Ladies' Sunglasses Funky Buddha FBS2038 51003;https://www.bigbuy.eu/6288373/ladies-sunglasses-funky-buddha-fbs2038-51003_1196917.jpg;-;17;1;0;5;17;1;-;38.81;0.00%;-;48.51;0.00%;Sunglasses
S72123489;Ladies' Sunglasses Funky Buddha FBS2031 53001;https://www.bigbuy.eu/6290520/ladies-sunglasses-funky-buddha-fbs2031-53001_1197059.jpg;-;12;1;0;5;12;1;-;38.81;0.00%;-;48.51;0.00%;Sunglasses
S72123483;Ladies' Sunglasses Funky Buddha FBS2029 59005;https://www.bigbuy.eu/6290514/ladies-sunglasses-funky-buddha-fbs2029-59005_1197056.jpg;-;36;1;0;5;36;1;-;38.81;0.00%;-;48.51;0.00%;Sunglasses
S72123482;Ladies' Sunglasses Funky Buddha FBS2029 59004;https://www.bigbuy.eu/6290490/ladies-sunglasses-funky-buddha-fbs2029-59004_1197050.jpg;-;37;1;0;5;37;1;-;38.81;0.00%;-;48.51;0.00%;Sunglasses
S72123481;Ladies' Sunglasses Funky Buddha FBS2029 59003;https://www.bigbuy.eu/6290040/ladies-sunglasses-funky-buddha-fbs2029-59003_1197015.jpg;-;16;1;0;5;16;1;-;38.81;0.00%;-;48.51;0.00%;Sunglasses
S72123480;Ladies' Sunglasses Funky Buddha FBS2029 59001;https://www.bigbuy.eu/6289459/ladies-sunglasses-funky-buddha-fbs2029-59001_1196971.jpg;-;15;1;0;5;15;1;-;38.81;0.00%;-;48.51;0.00%;Sunglasses
S72123475;Ladies' Sunglasses Funky Buddha FBS2024 57003;https://www.bigbuy.eu/6290482/ladies-sunglasses-funky-buddha-fbs2024-57003_1197048.jpg;-;47;1;0;5;47;1;-;38.81;0.00%;-;48.51;0.00%;Sunglasses
S72123479;Ladies' Sunglasses Funky Buddha FBS2028 48004;https://www.bigbuy.eu/6289276/ladies-sunglasses-funky-buddha-fbs2028-48004_1196937.jpg;-;36;1;0;5;36;1;-;38.81;0.00%;-;48.51;0.00%;Sunglasses
S72123474;Ladies' Sunglasses Funky Buddha FBS2024 57002;https://www.bigbuy.eu/6290542/ladies-sunglasses-funky-buddha-fbs2024-57002_1197062.jpg;-;31;1;0;5;31;1;-;38.81;0.00%;-;48.51;0.00%;Sunglasses
S72123472;Ladies' Sunglasses Funky Buddha FBS2023 52004;https://www.bigbuy.eu/6290444/ladies-sunglasses-funky-buddha-fbs2023-52004_1197045.jpg;-;21;1;0;5;21;1;-;38.81;0.00%;-;48.51;0.00%;Sunglasses
S72123465;Ladies' Sunglasses Funky Buddha FBS2009 52004;https://www.bigbuy.eu/6290500/ladies-sunglasses-funky-buddha-fbs2009-52004_1197055.jpg;-;20;1;0;5;20;1;-;38.81;0.00%;-;48.51;0.00%;Sunglasses
S72123468;Ladies' Sunglasses Funky Buddha FBS2011 55002;https://www.bigbuy.eu/6288834/ladies-sunglasses-funky-buddha-fbs2011-55002_1196934.jpg;-;28;1;0;5;28;1;-;38.81;0.00%;-;48.51;0.00%;Sunglasses
S72126686;Ladies' Sunglasses Dolce & Gabbana DG 4414;https://www.bigbuy.eu/6280285/ladies-sunglasses-dolce-gabbana-dg-4414_1196550.jpg;-;2;1;0;5;2;1;-;177.86;0.00%;-;197.62;0.00%;Sunglasses
S72126617;Ladies' Sunglasses Michael Kors ALPINE MK 1119;https://www.bigbuy.eu/6271447/ladies-sunglasses-michael-kors-alpine-mk-1119_1195751.jpg;-;2;1;0;5;2;1;-;101.16;0.00%;-;114.95;0.00%;Sunglasses
S72126592;Ladies' Sunglasses Vogue VO 5585S;https://www.bigbuy.eu/6248727/ladies-sunglasses-vogue-vo-5585s_1194980.jpg;-;10;1;0;5;10;1;-;77.43;0.00%;-;87.99;0.00%;Sunglasses
S72126348;Ladies' Sunglasses Havaianas SALVADOR_V;https://www.bigbuy.eu/6187539/ladies-sunglasses-havaianas-salvador-v_1192472.jpg;-;1;1;0;5;1;1;-;83.08;0.00%;-;94.41;0.00%;Sunglasses
S72126263;Ladies' Sunglasses Guess;https://www.bigbuy.eu/6187515/ladies-sunglasses-guess_1192468.jpg;-;50;1;0;5;50;1;-;41.31;0.00%;-;50.38;0.00%;Sunglasses
S72126399;Ladies' Sunglasses Guess GU00133 5695U;https://www.bigbuy.eu/6171387/ladies-sunglasses-guess-gu00133-5695u_1191160.jpg;-;14;1;0;5;14;1;-;51.02;0.00%;-;62.22;0.00%;Sunglasses
S72126395;Ladies' Sunglasses Guess GU00131 6020C;https://www.bigbuy.eu/6171371/ladies-sunglasses-guess-gu00131-6020c_1191157.jpg;-;50;1;0;5;50;1;-;52.41;0.00%;-;63.91;0.00%;Sunglasses
S72126394;Ladies' Sunglasses Guess GU00130 6120C;https://www.bigbuy.eu/6171357/ladies-sunglasses-guess-gu00130-6120c_1191154.jpg;-;50;1;0;5;50;1;-;52.41;0.00%;-;63.91;0.00%;Sunglasses
S72126393;Ladies' Sunglasses Guess GU00130 6101A;https://www.bigbuy.eu/6171351/ladies-sunglasses-guess-gu00130-6101a_1191153.jpg;-;49;1;0;5;49;1;-;52.41;0.00%;-;63.91;0.00%;Sunglasses
S72126392;Ladies' Sunglasses Guess GU00113 5505B;https://www.bigbuy.eu/6171337/ladies-sunglasses-guess-gu00113-5505b_1191151.jpg;-;49;1;0;5;49;1;-;52.41;0.00%;-;63.91;0.00%;Sunglasses
S72126384;Ladies' Sunglasses Guess GU7917 5692W;https://www.bigbuy.eu/6182788/ladies-sunglasses-guess-gu7917-5692w_1191150.jpg;-;49;1;0;5;49;1;-;52.41;0.00%;-;63.91;0.00%;Sunglasses
S72126355;Ladies' Sunglasses Guess GU7680;https://www.bigbuy.eu/6155645/ladies-sunglasses-guess-gu7680_1189905.jpg;-;1;1;0;5;1;1;-;79.3;0.00%;-;90.11;0.00%;Sunglasses
S72126332;Ladies' Sunglasses Michael Kors 0MK1082 581108R1;https://www.bigbuy.eu/6137867/ladies-sunglasses-michael-kors-0mk1082-581108r1_1188047.jpg;-;5;1;0;5;5;1;-;102.3;0.00%;-;116.25;0.00%;Sunglasses
S72126104;Ladies' Sunglasses Serengeti SS536001 WAKOTA;https://www.bigbuy.eu/6093903/ladies-sunglasses-serengeti-ss536001-wakota_1182102.jpg;-;9;1;0;5;9;1;-;89.94;0.00%;-;102.2;0.00%;Sunglasses
S72126102;Ladies' Sunglasses Serengeti SS537005 ROLLA;https://www.bigbuy.eu/6102537/ladies-sunglasses-serengeti-ss537005-rolla_1183408.jpg;-;22;1;0;5;22;1;-;102.3;0.00%;-;116.25;0.00%;Sunglasses
S72126079;Ladies' Sunglasses Serengeti SS573002;https://www.bigbuy.eu/6102542/ladies-sunglasses-serengeti-ss573002_1183409.jpg;-;4;1;0;5;4;1;-;98.19;0.00%;-;111.58;0.00%;Sunglasses
S72126068;Ladies' Sunglasses Ted Baker TB1717 54188;https://www.bigbuy.eu/6741255/ladies-sunglasses-ted-baker-tb1717-54188_1180727.jpg;-;3;1;0;5;3;1;-;49.22;0.00%;-;60.02;0.00%;Sunglasses
S72125962;Ladies' Sunglasses Nike NIKE TEMPER FLAIR IF1055X;https://www.bigbuy.eu/6067792/ladies-sunglasses-nike-nike-temper-flair-if1055x_1177744.jpg;-;1;1;0;5;1;1;-;74.78;0.00%;-;84.98;0.00%;Sunglasses
S05143289;Ladies' Sunglasses Emilio Pucci EP0228;https://www.bigbuy.eu/6063924/ladies-sunglasses-emilio-pucci-ep0228_1177162.jpg;-;1;1;0;5;1;1;-;127.03;0.00%;-;141.14;0.00%;Sunglasses
S05143288;Ladies' Sunglasses Emilio Pucci EP0228;https://www.bigbuy.eu/6063925/ladies-sunglasses-emilio-pucci-ep0228_1177164.jpg;-;1;1;0;5;1;1;-;127.03;0.00%;-;141.14;0.00%;Sunglasses
S05142531;Ladies' Sunglasses Guess GU00159;https://www.bigbuy.eu/6063921/ladies-sunglasses-guess-gu00159_1177160.jpg;-;1;1;0;5;1;1;-;53.74;0.00%;-;60.38;0.00%;Sunglasses
S72126058;Ladies' Sunglasses Guess GU00131 6081Z;https://www.bigbuy.eu/6051073/ladies-sunglasses-guess-gu00131-6081z_1175104.jpg;-;50;1;0;5;50;1;-;52.41;0.00%;-;63.91;0.00%;Sunglasses
S72126057;Ladies' Sunglasses Guess GU00131 6072U;https://www.bigbuy.eu/6051066/ladies-sunglasses-guess-gu00131-6072u_1175103.jpg;-;50;1;0;5;50;1;-;52.41;0.00%;-;63.91;0.00%;Sunglasses
S72126056;Ladies' Sunglasses Guess GU00130 6172U;https://www.bigbuy.eu/6051060/ladies-sunglasses-guess-gu00130-6172u_1175102.jpg;-;50;1;0;5;50;1;-;52.41;0.00%;-;63.91;0.00%;Sunglasses
S72126059;Ladies' Sunglasses Guess GU7840 5789W;https://www.bigbuy.eu/6051059/ladies-sunglasses-guess-gu7840-5789w_1175101.jpg;-;8;1;0;5;8;1;-;51.02;0.00%;-;62.22;0.00%;Sunglasses
S0591791;Ladies' Sunglasses Shine Inline Guess F Brown Light brown Ø 53 mm;https://www.bigbuy.eu/6049952/ladies-sunglasses-shine-inline-guess-f-brown-light-brown-oe-53-mm_1174976.jpg;-;1;1;0;5;1;1;-;42.26;0.00%;-;47.48;0.00%;Sunglasses
S72125903;Ladies' Sunglasses Guess GU7884;https://www.bigbuy.eu/6011023/ladies-sunglasses-guess-gu7884_1169301.jpg;-;1;1;0;5;1;1;-;101.96;0.00%;-;115.86;0.00%;Sunglasses
S72125657;Ladies' Sunglasses Serengeti SS577004 JOAN;https://www.bigbuy.eu/5997378/ladies-sunglasses-serengeti-ss577004-joan_1167244.jpg;-;2;1;0;5;2;1;-;153.5;0.00%;-;170.56;0.00%;Sunglasses
S72125665;Ladies' Sunglasses Dolce & Gabbana DG 4475;https://www.bigbuy.eu/6268802/ladies-sunglasses-dolce-gabbana-dg-4475_1158395.jpg;-;3;1;0;5;3;1;-;189.88;0.00%;-;208.66;0.00%;Sunglasses
S05125039;Ladies' Sunglasses Guess GU00100 Silver Ø 55 mm;https://www.bigbuy.eu/6553678/ladies-sunglasses-guess-gu00100-silver-oe-55-mm_1155136.jpg;-;1;1;0;5;1;1;-;48.78;0.00%;-;54.81;0.00%;Sunglasses
S05123401;Ladies' Sunglasses Guess GU00097 Habana Ø 53 mm;https://www.bigbuy.eu/6552440/ladies-sunglasses-guess-gu00097-habana-oe-53-mm_1155134.jpg;-;1;1;0;5;1;1;-;42.81;0.00%;-;48.1;0.00%;Sunglasses
S05142547;Ladies' Sunglasses Guess GU00163;https://www.bigbuy.eu/5849756/ladies-sunglasses-guess-gu00163_1145204.jpg;-;2;1;0;5;2;1;-;70.74;0.00%;-;78.6;0.00%;Sunglasses
S72125266;Ladies' Sunglasses Ted Baker TB1731 54001;https://www.bigbuy.eu/6741291/ladies-sunglasses-ted-baker-tb1731-54001_1143534.jpg;-;1;1;0;5;1;1;-;49.22;0.00%;-;60.02;0.00%;Sunglasses
S72125260;Ladies' Sunglasses MAX&Co MO0061 5701A;https://www.bigbuy.eu/5839051/ladies-sunglasses-max-co-mo0061-5701a_1143518.jpg;-;5;1;0;5;5;1;-;52.41;0.00%;-;63.91;0.00%;Sunglasses
S72125241;Ladies' Sunglasses Police MOONBEAM 1 SPLA94;https://www.bigbuy.eu/5839106/ladies-sunglasses-police-moonbeam-1-spla94_1143536.jpg;-;1;1;0;5;1;1;-;139.87;0.00%;-;155.41;0.00%;Sunglasses
S05128971;Ladies' Sunglasses Guess GU7845 ø 57 mm;https://www.bigbuy.eu/5834567/ladies-sunglasses-guess-gu7845-oe-57-mm_1142945.jpg;-;1;1;0;5;1;1;-;42.81;0.00%;-;48.1;0.00%;Sunglasses
S72125203;Ladies' Sunglasses Guess GU00105 5657P;https://www.bigbuy.eu/5827551/ladies-sunglasses-guess-gu00105-5657p_1141866.jpg;-;50;1;0;5;50;1;-;52.41;0.00%;-;63.91;0.00%;Sunglasses
S72125211;Ladies' Sunglasses Guess GU7891 5372T;https://www.bigbuy.eu/5827634/ladies-sunglasses-guess-gu7891-5372t_1141879.jpg;-;16;1;0;5;16;1;-;53.79;0.00%;-;65.6;0.00%;Sunglasses
S72125181;Ladies' Sunglasses Funky Buddha FBS2052 53004;https://www.bigbuy.eu/5822789/ladies-sunglasses-funky-buddha-fbs2052-53004_1140938.jpg;-;3;1;0;5;3;1;-;38.81;0.00%;-;48.51;0.00%;Sunglasses
S72125179;Ladies' Sunglasses Funky Buddha FBS2046 51003;https://www.bigbuy.eu/5822786/ladies-sunglasses-funky-buddha-fbs2046-51003_1140937.jpg;-;9;1;0;5;9;1;-;38.81;0.00%;-;48.51;0.00%;Sunglasses
S72125178;Ladies' Sunglasses Funky Buddha FBS2046 51001;https://www.bigbuy.eu/5822771/ladies-sunglasses-funky-buddha-fbs2046-51001_1140931.jpg;-;4;1;0;5;4;1;-;38.81;0.00%;-;48.51;0.00%;Sunglasses
S72125175;Ladies' Sunglasses Funky Buddha FBS2038 51004;https://www.bigbuy.eu/5822775/ladies-sunglasses-funky-buddha-fbs2038-51004_1140933.jpg;-;6;1;0;5;6;1;-;38.81;0.00%;-;48.51;0.00%;Sunglasses
S72125163;Ladies' Sunglasses Funky Buddha FBS2023 52002;https://www.bigbuy.eu/5822783/ladies-sunglasses-funky-buddha-fbs2023-52002_1140935.jpg;-;10;1;0;5;10;1;-;38.81;0.00%;-;48.51;0.00%;Sunglasses
S72125160;Ladies' Sunglasses Max Mara MM0060 6448F;https://www.bigbuy.eu/5822773/ladies-sunglasses-max-mara-mm0060-6448f_1140932.jpg;-;13;1;0;5;13;1;-;65.71;0.00%;-;77.31;0.00%;Sunglasses
S72125158;Ladies' Sunglasses Max Mara MM0054 6128F;https://www.bigbuy.eu/5822780/ladies-sunglasses-max-mara-mm0054-6128f_1140934.jpg;-;13;1;0;5;13;1;-;65.71;0.00%;-;77.31;0.00%;Sunglasses
S72125159;Ladies' Sunglasses Max Mara MM0044 5653E;https://www.bigbuy.eu/5822764/ladies-sunglasses-max-mara-mm0044-5653e_1140929.jpg;-;17;1;0;5;17;1;-;65.71;0.00%;-;77.31;0.00%;Sunglasses
S72125157;Ladies' Sunglasses Max Mara MM0061 6028W;https://www.bigbuy.eu/5822756/ladies-sunglasses-max-mara-mm0061-6028w_1140926.jpg;-;19;1;0;5;19;1;-;65.71;0.00%;-;77.31;0.00%;Sunglasses
S72125156;Ladies' Sunglasses Max Mara MM0061 6028F;https://www.bigbuy.eu/5822749/ladies-sunglasses-max-mara-mm0061-6028f_1140925.jpg;-;48;1;0;5;48;1;-;65.71;0.00%;-;77.31;0.00%;Sunglasses
S72125155;Ladies' Sunglasses Max Mara MM0006 6408A;https://www.bigbuy.eu/5822768/ladies-sunglasses-max-mara-mm0006-6408a_1140930.jpg;-;11;1;0;5;11;1;-;65.71;0.00%;-;77.31;0.00%;Sunglasses
S72125149;Ladies' Sunglasses Max Mara MM0062-H 5950F;https://www.bigbuy.eu/5822744/ladies-sunglasses-max-mara-mm0062-h-5950f_1140922.jpg;-;20;1;0;5;20;1;-;65.71;0.00%;-;77.31;0.00%;Sunglasses
S72125148;Ladies' Sunglasses Max Mara MM0083 5701A;https://www.bigbuy.eu/7349509/ladies-sunglasses-max-mara-mm0083-5701a_1140918.jpg;-;1;1;0;5;1;1;-;65.71;0.00%;-;77.31;0.00%;Sunglasses
S72125147;Ladies' Sunglasses Max Mara MM0054 6132P;https://www.bigbuy.eu/5822735/ladies-sunglasses-max-mara-mm0054-6132p_1140919.jpg;-;5;1;0;5;5;1;-;65.71;0.00%;-;77.31;0.00%;Sunglasses
S72125146;Ladies' Sunglasses Max Mara MM0062-H 5916W;https://www.bigbuy.eu/5822741/ladies-sunglasses-max-mara-mm0062-h-5916w_1140921.jpg;-;5;1;0;5;5;1;-;65.71;0.00%;-;77.31;0.00%;Sunglasses
S72125125;Ladies' Sunglasses Tods TO0357 5801B;https://www.bigbuy.eu/5822692/ladies-sunglasses-tods-to0357-5801b_1140905.jpg;-;1;1;0;5;1;1;-;77.1;0.00%;-;87.61;0.00%;Sunglasses
S72125123;Ladies' Sunglasses Tods TO0348 5298V;https://www.bigbuy.eu/6448523/ladies-sunglasses-tods-to0348-5298v_1140904.jpg;-;3;1;0;5;3;1;-;77.1;0.00%;-;87.61;0.00%;Sunglasses
S72125119;Ladies' Sunglasses Tods TO0331 6553P;https://www.bigbuy.eu/6355978/ladies-sunglasses-tods-to0331-6553p_1140899.jpg;-;1;1;0;5;1;1;-;74.9;0.00%;-;85.11;0.00%;Sunglasses
S72124993;Ladies' Sunglasses Guess GU00210;https://www.bigbuy.eu/5822659/ladies-sunglasses-guess-gu00210_1140893.jpg;-;2;1;0;5;2;1;-;98.94;0.00%;-;112.43;0.00%;Sunglasses
S72124887;Ladies' Sunglasses Emilio Pucci EP0139 0016X;https://www.bigbuy.eu/5817080/ladies-sunglasses-emilio-pucci-ep0139-0016x_1139990.jpg;-;4;1;0;5;4;1;-;54.04;0.00%;-;65.9;0.00%;Sunglasses
S72124885;Ladies' Sunglasses Emilio Pucci EP0139 0016C;https://www.bigbuy.eu/5817052/ladies-sunglasses-emilio-pucci-ep0139-0016c_1139980.jpg;-;3;1;0;5;3;1;-;54.04;0.00%;-;65.9;0.00%;Sunglasses
S72124545;Ladies' Sunglasses PHILIPP PLEIN SPP097S SHINY SHINY HAVANA;https://www.bigbuy.eu/5809639/ladies-sunglasses-philipp-plein-spp097s-shiny-shiny-havana_1138671.jpg;-;1;1;0;5;1;1;-;123.12;0.00%;-;136.8;0.00%;Sunglasses
S72124509;Ladies' Sunglasses Champion CUW5262 145C01;https://www.bigbuy.eu/5809652/ladies-sunglasses-champion-cuw5262-145c01_1138674.jpg;-;50;1;0;5;50;1;-;30.65;0.00%;-;38.31;0.00%;Sunglasses
S72124508;Ladies' Sunglasses Champion CUW5238 62C06;https://www.bigbuy.eu/5809574/ladies-sunglasses-champion-cuw5238-62c06_1138646.jpg;-;44;1;0;5;44;1;-;30.65;0.00%;-;38.31;0.00%;Sunglasses
S72124506;Ladies' Sunglasses Champion CUW5228 54C03;https://www.bigbuy.eu/5809640/ladies-sunglasses-champion-cuw5228-54c03_1138672.jpg;-;50;1;0;5;50;1;-;30.65;0.00%;-;38.31;0.00%;Sunglasses
S72124505;Ladies' Sunglasses Champion CUW5228 54C01;https://www.bigbuy.eu/5809662/ladies-sunglasses-champion-cuw5228-54c01_1138680.jpg;-;45;1;0;5;45;1;-;30.65;0.00%;-;38.31;0.00%;Sunglasses
S72124504;Ladies' Sunglasses Champion CUW5207 64C05;https://www.bigbuy.eu/5809599/ladies-sunglasses-champion-cuw5207-64c05_1138657.jpg;-;50;1;0;5;50;1;-;30.65;0.00%;-;38.31;0.00%;Sunglasses
S72124502;Ladies' Sunglasses Champion CUW5207 64C02;https://www.bigbuy.eu/5809582/ladies-sunglasses-champion-cuw5207-64c02_1138650.jpg;-;46;1;0;5;46;1;-;30.65;0.00%;-;38.31;0.00%;Sunglasses
S72124889;Ladies' Sunglasses Emilio Pucci EP0198 5756E;https://www.bigbuy.eu/5807534/ladies-sunglasses-emilio-pucci-ep0198-5756e_1138208.jpg;-;2;1;0;5;2;1;-;63.91;0.00%;-;75.19;0.00%;Sunglasses
S72124732;Ladies' Sunglasses Guess by Marciano GM0832 5956B;https://www.bigbuy.eu/5786294/ladies-sunglasses-guess-by-marciano-gm0832-5956b_1134776.jpg;-;50;1;0;5;50;1;-;60.82;0.00%;-;71.55;0.00%;Sunglasses
S72124731;Ladies' Sunglasses Guess by Marciano GM00002 5601B;https://www.bigbuy.eu/6251451/ladies-sunglasses-guess-by-marciano-gm00002-5601b_1134753.jpg;-;46;1;0;5;46;1;-;60.82;0.00%;-;71.55;0.00%;Sunglasses
S72124525;Ladies' Sunglasses Guess by Marciano GM0824 ROSE GOLD;https://www.bigbuy.eu/5760711/ladies-sunglasses-guess-by-marciano-gm0824-rose-gold_1130244.jpg;-;1;1;0;5;1;1;-;54.25;0.00%;-;63.82;0.00%;Sunglasses
S72124524;Ladies' Sunglasses Guess by Marciano GM0824 GOLD;https://www.bigbuy.eu/5760727/ladies-sunglasses-guess-by-marciano-gm0824-gold_1130249.jpg;-;1;1;0;5;1;1;-;54.25;0.00%;-;63.82;0.00%;Sunglasses
S72124492;Ladies' Sunglasses Pepe Jeans PJ7400 52411;https://www.bigbuy.eu/5760697/ladies-sunglasses-pepe-jeans-pj7400-52411_1130239.jpg;-;2;1;0;5;2;1;-;37.97;0.00%;-;47.46;0.00%;Sunglasses
S72124471;Ladies' Sunglasses Tommy Hilfiger TH 2224_S 528079O;https://www.bigbuy.eu/5760715/ladies-sunglasses-tommy-hilfiger-th-2224-s-528079o_1130245.jpg;-;1;1;0;5;1;1;-;86.31;0.00%;-;98.08;0.00%;Sunglasses
S72124414;Ladies' Sunglasses Gant GA00007 5596N;https://www.bigbuy.eu/5760688/ladies-sunglasses-gant-ga00007-5596n_1130236.jpg;-;33;1;0;5;33;1;-;47.21;0.00%;-;57.57;0.00%;Sunglasses
S72124282;Ladies' Sunglasses Guess GU7738 DARK HAVANA;https://www.bigbuy.eu/5760635/ladies-sunglasses-guess-gu7738-dark-havana_1130225.jpg;-;1;1;0;5;1;1;-;53.95;0.00%;-;65.79;0.00%;Sunglasses
S72124277;Ladies' Sunglasses Guess GU7875 SHINY LIGHT NICKELTIN;https://www.bigbuy.eu/5760626/ladies-sunglasses-guess-gu7875-shiny-light-nickeltin_1130224.jpg;-;2;1;0;5;2;1;-;53.95;0.00%;-;65.79;0.00%;Sunglasses
S72124215;Ladies' Sunglasses Funky Buddha FBS2046 51004;https://www.bigbuy.eu/5760612/ladies-sunglasses-funky-buddha-fbs2046-51004_1130219.jpg;-;2;1;0;5;2;1;-;38.81;0.00%;-;48.51;0.00%;Sunglasses
S72124435;Ladies' Sunglasses MAX&Co MO0105 5432C;https://www.bigbuy.eu/5759906/ladies-sunglasses-max-co-mo0105-5432c_1130039.jpg;-;34;1;0;5;34;1;-;52.41;0.00%;-;63.91;0.00%;Sunglasses
S72124292;Ladies' Sunglasses Guess GU7902 5374S;https://www.bigbuy.eu/5759938/ladies-sunglasses-guess-gu7902-5374s_1130045.jpg;-;4;1;0;5;4;1;-;52.41;0.00%;-;63.91;0.00%;Sunglasses
S72124303;Ladies' Sunglasses Guess GU7847 6033F;https://www.bigbuy.eu/7101320/ladies-sunglasses-guess-gu7847-6033f_1130024.jpg;-;50;1;0;5;50;1;-;52.41;0.00%;-;63.91;0.00%;Sunglasses
S72121163;Ladies' Sunglasses Guess GU7862 5653V;https://www.bigbuy.eu/5758097/ladies-sunglasses-guess-gu7862-5653v_1129845.jpg;-;5;1;0;5;5;1;-;49.66;0.00%;-;60.56;0.00%;Sunglasses
S05123407;Ladies' Sunglasses Guess GU00098 Habana Ø 55 mm;https://www.bigbuy.eu/5726443/ladies-sunglasses-guess-gu00098-habana-oe-55-mm_1125584.jpg;-;1;1;0;5;1;1;-;42.31;0.00%;-;47.54;0.00%;Sunglasses
S05123326;Ladies' Sunglasses Guess GU00106 Black ø 59 mm;https://www.bigbuy.eu/5726460/ladies-sunglasses-guess-gu00106-black-oe-59-mm_1125587.jpg;-;1;1;0;5;1;1;-;57.41;0.00%;-;63.79;0.00%;Sunglasses
S0591794;Ladies' Sunglasses Guess Guess U Golden ø 56 mm;https://www.bigbuy.eu/5675332/ladies-sunglasses-guess-guess-u-golden-oe-56-mm_1121421.jpg;-;2;1;0;5;2;1;-;42.26;0.00%;-;47.48;0.00%;Sunglasses
S05143562;Ladies' Sunglasses Kway KW0013 Lilac ø 57 mm;https://www.bigbuy.eu/5670254/ladies-sunglasses-kway-kw0013-lilac-oe-57-mm_1120376.jpg;-;1;1;0;5;1;1;-;37.74;0.00%;-;42.89;0.00%;Sunglasses
S05143560;Ladies' Sunglasses Kway KW0013 ø 57 mm White;https://www.bigbuy.eu/5670283/ladies-sunglasses-kway-kw0013-oe-57-mm-white_1120399.jpg;-;1;1;0;5;1;1;-;37.74;0.00%;-;42.89;0.00%;Sunglasses
S05143559;Ladies' Sunglasses Kway KW0013 ø 57 mm;https://www.bigbuy.eu/5670284/ladies-sunglasses-kway-kw0013-oe-57-mm_1120400.jpg;-;1;1;0;5;1;1;-;37.74;0.00%;-;42.89;0.00%;Sunglasses
S05143104;Ladies' Sunglasses Jimmy Choo LILI/S Brown;https://www.bigbuy.eu/5670114/ladies-sunglasses-jimmy-choo-lili-s-brown_1120291.jpg;-;1;1;0;5;1;1;-;64.53;0.00%;-;71.7;0.00%;Sunglasses
S05142494;Ladies' Sunglasses Marcolin OR0012;https://www.bigbuy.eu/5669937/ladies-sunglasses-marcolin-or0012_1120178.jpg;-;3;1;0;5;3;1;-;15.39;0.00%;-;17.49;0.00%;Sunglasses
S72123993;Ladies' Sunglasses Kate Spade ELLISON_F_S;https://www.bigbuy.eu/5665492/ladies-sunglasses-kate-spade-ellison-f-s_1119151.jpg;-;1;1;0;5;1;1;-;133.92;0.00%;-;148.8;0.00%;Sunglasses
S72123987;Ladies' Sunglasses Polaroid PLD 6229_CS;https://www.bigbuy.eu/7193290/ladies-sunglasses-polaroid-pld-6229-cs_1119144.jpg;-;1;1;0;5;1;1;-;86.1;0.00%;-;97.84;0.00%;Sunglasses
S72118020;Ladies' Sunglasses Etro ETRO 0006;https://www.bigbuy.eu/5665388/ladies-sunglasses-etro-etro-0006_1119099.jpg;-;1;1;0;5;1;1;-;122.03;0.00%;-;135.59;0.00%;Sunglasses
S72112954;Ladies' Sunglasses Jimmy Choo JC 3019B;https://www.bigbuy.eu/5665111/ladies-sunglasses-jimmy-choo-jc-3019b_1119011.jpg;-;1;1;0;5;1;1;-;158.13;0.00%;-;175.7;0.00%;Sunglasses
S72123711;Ladies' Sunglasses Polaroid PLD 6234_S_X;https://www.bigbuy.eu/5652782/ladies-sunglasses-polaroid-pld-6234-s-x_1116816.jpg;-;1;1;0;5;1;1;-;60.72;0.00%;-;71.44;0.00%;Sunglasses
S72123715;Ladies' Sunglasses Polaroid PLD 4181_S;https://www.bigbuy.eu/5652780/ladies-sunglasses-polaroid-pld-4181-s_1116815.jpg;-;1;1;0;5;1;1;-;54.54;0.00%;-;64.16;0.00%;Sunglasses
S72123710;Ladies' Sunglasses Polaroid PLD 6234_S_X;https://www.bigbuy.eu/5652773/ladies-sunglasses-polaroid-pld-6234-s-x_1116812.jpg;-;1;1;0;5;1;1;-;60.72;0.00%;-;71.44;0.00%;Sunglasses
S72123702;Ladies' Sunglasses Guess GU00161;https://www.bigbuy.eu/5644283/ladies-sunglasses-guess-gu00161_1116006.jpg;-;1;1;0;5;1;1;-;117.59;0.00%;-;130.66;0.00%;Sunglasses
S72123494;Ladies' Sunglasses Funky Buddha FBS2041 48002;https://www.bigbuy.eu/5632600/ladies-sunglasses-funky-buddha-fbs2041-48002_1114000.jpg;-;40;1;0;5;40;1;-;38.81;0.00%;-;48.51;0.00%;Sunglasses
S72123491;Ladies' Sunglasses Funky Buddha FBS2040 53001;https://www.bigbuy.eu/5632606/ladies-sunglasses-funky-buddha-fbs2040-53001_1114002.jpg;-;15;1;0;5;15;1;-;38.81;0.00%;-;48.51;0.00%;Sunglasses
S72123473;Ladies' Sunglasses Funky Buddha FBS2024 57001;https://www.bigbuy.eu/5632584/ladies-sunglasses-funky-buddha-fbs2024-57001_1113991.jpg;-;50;1;0;5;50;1;-;38.81;0.00%;-;48.51;0.00%;Sunglasses
S72123471;Ladies' Sunglasses Funky Buddha FBS2023 52003;https://www.bigbuy.eu/5632615/ladies-sunglasses-funky-buddha-fbs2023-52003_1114005.jpg;-;14;1;0;5;14;1;-;38.81;0.00%;-;48.51;0.00%;Sunglasses
S72123470;Ladies' Sunglasses Funky Buddha FBS2011 55004;https://www.bigbuy.eu/5632551/ladies-sunglasses-funky-buddha-fbs2011-55004_1113972.jpg;-;25;1;0;5;25;1;-;38.81;0.00%;-;48.51;0.00%;Sunglasses
S72123467;Ladies' Sunglasses Funky Buddha FBS2011 55001;https://www.bigbuy.eu/5632547/ladies-sunglasses-funky-buddha-fbs2011-55001_1113971.jpg;-;2;1;0;5;2;1;-;38.81;0.00%;-;48.51;0.00%;Sunglasses
S72123469;Ladies' Sunglasses Funky Buddha FBS2011 55003;https://www.bigbuy.eu/5632546/ladies-sunglasses-funky-buddha-fbs2011-55003_1113970.jpg;-;15;1;0;5;15;1;-;38.81;0.00%;-;48.51;0.00%;Sunglasses
S72123441;Ladies' Sunglasses O'Neill ONS-9010 58104P;https://www.bigbuy.eu/5632544/ladies-sunglasses-o-neill-ons-9010-58104p_1113968.jpg;-;50;1;0;5;50;1;-;39.74;0.00%;-;48.46;0.00%;Sunglasses
S72123440;Ladies' Sunglasses O'Neill ONS-9012 53104P;https://www.bigbuy.eu/5632603/ladies-sunglasses-o-neill-ons-9012-53104p_1114001.jpg;-;50;1;0;5;50;1;-;39.74;0.00%;-;48.46;0.00%;Sunglasses
S72121423;Ladies' Sunglasses Esprit ET39289 56547;https://www.bigbuy.eu/5631143/ladies-sunglasses-esprit-et39289-56547_1113513.jpg;-;50;1;0;5;50;1;-;33.01;0.00%;-;41.26;0.00%;Sunglasses
S72121422;Ladies' Sunglasses Esprit ET39289 56534;https://www.bigbuy.eu/5631181/ladies-sunglasses-esprit-et39289-56534_1113526.jpg;-;50;1;0;5;50;1;-;33.01;0.00%;-;41.26;0.00%;Sunglasses
S72121421;Ladies' Sunglasses Esprit ET39289 56505;https://www.bigbuy.eu/5631145/ladies-sunglasses-esprit-et39289-56505_1113515.jpg;-;50;1;0;5;50;1;-;33.01;0.00%;-;41.26;0.00%;Sunglasses
S72121417;Ladies' Sunglasses Esprit ET39287 53547;https://www.bigbuy.eu/5631142/ladies-sunglasses-esprit-et39287-53547_1113512.jpg;-;50;1;0;5;50;1;-;33.01;0.00%;-;41.26;0.00%;Sunglasses
S72121416;Ladies' Sunglasses Esprit ET39287 53531;https://www.bigbuy.eu/5631144/ladies-sunglasses-esprit-et39287-53531_1113514.jpg;-;50;1;0;5;50;1;-;33.01;0.00%;-;41.26;0.00%;Sunglasses
S72121413;Ladies' Sunglasses Esprit ET39270 51565;https://www.bigbuy.eu/5631187/ladies-sunglasses-esprit-et39270-51565_1113528.jpg;-;50;1;0;5;50;1;-;29.76;0.00%;-;37.2;0.00%;Sunglasses
S72121410;Ladies' Sunglasses Esprit ET39267 50547;https://www.bigbuy.eu/5631182/ladies-sunglasses-esprit-et39267-50547_1113527.jpg;-;49;1;0;5;49;1;-;29.76;0.00%;-;37.2;0.00%;Sunglasses
S72121411;Ladies' Sunglasses Esprit ET39267 50555;https://www.bigbuy.eu/5631167/ladies-sunglasses-esprit-et39267-50555_1113521.jpg;-;50;1;0;5;50;1;-;29.76;0.00%;-;37.2;0.00%;Sunglasses
S72121408;Ladies' Sunglasses Esprit ET39266 57536;https://www.bigbuy.eu/5631176/ladies-sunglasses-esprit-et39266-57536_1113525.jpg;-;50;1;0;5;50;1;-;29.76;0.00%;-;37.2;0.00%;Sunglasses
S72121409;Ladies' Sunglasses Esprit ET39267 50534;https://www.bigbuy.eu/5631155/ladies-sunglasses-esprit-et39267-50534_1113517.jpg;-;50;1;0;5;50;1;-;29.76;0.00%;-;37.2;0.00%;Sunglasses
S72121407;Ladies' Sunglasses Esprit ET39263 53547;https://www.bigbuy.eu/5631169/ladies-sunglasses-esprit-et39263-53547_1113522.jpg;-;50;1;0;5;50;1;-;29.76;0.00%;-;37.2;0.00%;Sunglasses
S72121405;Ladies' Sunglasses Esprit ET39259 56515;https://www.bigbuy.eu/5631219/ladies-sunglasses-esprit-et39259-56515_1113538.jpg;-;50;1;0;5;50;1;-;31.22;0.00%;-;39.03;0.00%;Sunglasses
S72121403;Ladies' Sunglasses Esprit ET39257 50515;https://www.bigbuy.eu/5631133/ladies-sunglasses-esprit-et39257-50515_1113509.jpg;-;50;1;0;5;50;1;-;31.22;0.00%;-;39.03;0.00%;Sunglasses
S72121397;Ladies' Sunglasses Esprit ET39206 53565;https://www.bigbuy.eu/5631127/ladies-sunglasses-esprit-et39206-53565_1113507.jpg;-;47;1;0;5;47;1;-;31.22;0.00%;-;39.03;0.00%;Sunglasses
S72121390;Ladies' Sunglasses Esprit ET39181 53515;https://www.bigbuy.eu/5631104/ladies-sunglasses-esprit-et39181-53515_1113499.jpg;-;49;1;0;5;49;1;-;30.65;0.00%;-;38.31;0.00%;Sunglasses
S72121387;Ladies' Sunglasses Esprit ET39157 55543;https://www.bigbuy.eu/5631115/ladies-sunglasses-esprit-et39157-55543_1113502.jpg;-;24;1;0;5;24;1;-;30.65;0.00%;-;38.31;0.00%;Sunglasses
S72121386;Ladies' Sunglasses Esprit ET39157 55538;https://www.bigbuy.eu/5631118/ladies-sunglasses-esprit-et39157-55538_1113504.jpg;-;4;1;0;5;4;1;-;30.65;0.00%;-;38.31;0.00%;Sunglasses
S72121383;Ladies' Sunglasses Esprit ET39150 57535;https://www.bigbuy.eu/5631075/ladies-sunglasses-esprit-et39150-57535_1113489.jpg;-;18;1;0;5;18;1;-;30.65;0.00%;-;38.31;0.00%;Sunglasses
S72121377;Ladies' Sunglasses Esprit ET39124 48577;https://www.bigbuy.eu/5631112/ladies-sunglasses-esprit-et39124-48577_1113501.jpg;-;50;1;0;5;50;1;-;30.65;0.00%;-;38.31;0.00%;Sunglasses
S72121376;Ladies' Sunglasses Esprit ET39124 48547;https://www.bigbuy.eu/5631086/ladies-sunglasses-esprit-et39124-48547_1113493.jpg;-;50;1;0;5;50;1;-;30.65;0.00%;-;38.31;0.00%;Sunglasses
S72121375;Ladies' Sunglasses Esprit ET39124 48535;https://www.bigbuy.eu/5631080/ladies-sunglasses-esprit-et39124-48535_1113491.jpg;-;33;1;0;5;33;1;-;30.65;0.00%;-;38.31;0.00%;Sunglasses
S72121374;Ladies' Sunglasses Esprit ET39119 51505;https://www.bigbuy.eu/5631055/ladies-sunglasses-esprit-et39119-51505_1113483.jpg;-;49;1;0;5;49;1;-;29.76;0.00%;-;37.2;0.00%;Sunglasses
S72121369;Ladies' Sunglasses Esprit ET39099 51543;https://www.bigbuy.eu/5631085/ladies-sunglasses-esprit-et39099-51543_1113492.jpg;-;50;1;0;5;50;1;-;31.22;0.00%;-;39.03;0.00%;Sunglasses
S72123448;Ladies' Sunglasses Radley RDS-6508 52102A;https://www.bigbuy.eu/5630965/ladies-sunglasses-radley-rds-6508-52102a_1113452.jpg;-;50;1;0;5;50;1;-;43.93;0.00%;-;53.57;0.00%;Sunglasses
S72123445;Ladies' Sunglasses Radley RDS-6504 55104A;https://www.bigbuy.eu/5630923/ladies-sunglasses-radley-rds-6504-55104a_1113438.jpg;-;50;1;0;5;50;1;-;43.93;0.00%;-;53.57;0.00%;Sunglasses
S72123444;Ladies' Sunglasses Radley RDS-6508 52104A;https://www.bigbuy.eu/6760912/ladies-sunglasses-radley-rds-6508-52104a_1113433.jpg;-;50;1;0;5;50;1;-;43.93;0.00%;-;53.57;0.00%;Sunglasses
S72123443;Ladies' Sunglasses Radley RDS-6501 57104A;https://www.bigbuy.eu/5630892/ladies-sunglasses-radley-rds-6501-57104a_1113430.jpg;-;26;1;0;5;26;1;-;43.93;0.00%;-;53.57;0.00%;Sunglasses
S72123090;Ladies' Sunglasses Pepe Jeans PJ7429 52273;https://www.bigbuy.eu/5630967/ladies-sunglasses-pepe-jeans-pj7429-52273_1113453.jpg;-;50;1;0;5;50;1;-;38.81;0.00%;-;48.51;0.00%;Sunglasses
S72123032;Ladies' Sunglasses Esprit ET39207 50543;https://www.bigbuy.eu/5630986/ladies-sunglasses-esprit-et39207-50543_1113459.jpg;-;3;1;0;5;3;1;-;30.65;0.00%;-;38.31;0.00%;Sunglasses
S72122965;Ladies' Sunglasses Esprit ET39298 53508;https://www.bigbuy.eu/5630809/ladies-sunglasses-esprit-et39298-53508_1113398.jpg;-;6;1;0;5;6;1;-;30.65;0.00%;-;38.31;0.00%;Sunglasses
S72122934;Ladies' Sunglasses Esprit ET39195 53555;https://www.bigbuy.eu/5630752/ladies-sunglasses-esprit-et39195-53555_1113379.jpg;-;12;1;0;5;12;1;-;30.65;0.00%;-;38.31;0.00%;Sunglasses
S72122933;Ladies' Sunglasses Esprit ET39195 53547;https://www.bigbuy.eu/5630761/ladies-sunglasses-esprit-et39195-53547_1113382.jpg;-;4;1;0;5;4;1;-;30.65;0.00%;-;38.31;0.00%;Sunglasses
S72122913;Ladies' Sunglasses Esprit ET39115 51505;https://www.bigbuy.eu/5630736/ladies-sunglasses-esprit-et39115-51505_1113374.jpg;-;4;1;0;5;4;1;-;30.65;0.00%;-;38.31;0.00%;Sunglasses
S72121960;Ladies' Sunglasses Radley RDS-6505 57104;https://www.bigbuy.eu/6760909/ladies-sunglasses-radley-rds-6505-57104_1113362.jpg;-;39;1;0;5;39;1;-;43.93;0.00%;-;53.57;0.00%;Sunglasses
S72121023;Ladies' Sunglasses Esprit ET39287 53538;https://www.bigbuy.eu/5630703/ladies-sunglasses-esprit-et39287-53538_1113363.jpg;-;50;1;0;5;50;1;-;33.01;0.00%;-;41.26;0.00%;Sunglasses
S05142597;Ladies' Sunglasses Guess GUESS GF6082;https://www.bigbuy.eu/5630107/ladies-sunglasses-guess-guess-gf6082_1113159.jpg;-;4;1;0;5;4;1;-;28.94;0.00%;-;32.89;0.00%;Sunglasses
S05143150;Ladies' Sunglasses Polaroid 6174/S Ø 52 mm;https://www.bigbuy.eu/5629970/ladies-sunglasses-polaroid-6174-s-oe-52-mm_1113129.jpg;-;3;1;0;5;3;1;-;19.69;0.00%;-;22.38;0.00%;Sunglasses
S05143142;Ladies' Sunglasses Polaroid 6164/G/S Golden ø 59 mm;https://www.bigbuy.eu/5629932/ladies-sunglasses-polaroid-6164-g-s-golden-oe-59-mm_1113123.jpg;-;3;1;0;5;3;1;-;19.69;0.00%;-;22.38;0.00%;Sunglasses
S7206841;Ladies' Sunglasses Guess GF0367 5328Z;https://www.bigbuy.eu/5629240/ladies-sunglasses-guess-gf0367-5328z_1112922.jpg;-;50;1;0;5;50;1;-;45.15;0.00%;-;55.06;0.00%;Sunglasses
S05142487;Ladies' Sunglasses Marcolin SP0011 Black;https://www.bigbuy.eu/5629236/ladies-sunglasses-marcolin-sp0011-black_1112920.jpg;-;1;1;0;5;0;1;-;23.03;0.00%;-;30.19;0.00%;Sunglasses
S05142489;Ladies' Sunglasses Marcolin SP0009;https://www.bigbuy.eu/5629174/ladies-sunglasses-marcolin-sp0009_1112903.jpg;-;3;1;0;5;3;1;-;22.7;0.00%;-;25.8;0.00%;Sunglasses
S05142491;Ladies' Sunglasses Marcolin OR0012;https://www.bigbuy.eu/5629168/ladies-sunglasses-marcolin-or0012_1112901.jpg;-;2;1;0;5;2;1;-;23.66;0.00%;-;26.89;0.00%;Sunglasses
S05142492;Ladies' Sunglasses Marcolin OR0012;https://www.bigbuy.eu/5629165/ladies-sunglasses-marcolin-or0012_1112900.jpg;-;3;1;0;5;3;1;-;23.66;0.00%;-;26.89;0.00%;Sunglasses
S05142495;Ladies' Sunglasses Marcolin OR0012;https://www.bigbuy.eu/5629162/ladies-sunglasses-marcolin-or0012_1112899.jpg;-;1;1;0;5;1;1;-;23.66;0.00%;-;26.89;0.00%;Sunglasses
S05143119;Ladies' Sunglasses Jimmy Choo LUCINE/S;https://www.bigbuy.eu/5629135/ladies-sunglasses-jimmy-choo-lucine-s_1112890.jpg;-;1;1;0;5;1;1;-;55.22;0.00%;-;61.36;0.00%;Sunglasses
S05143096;Ladies' Sunglasses Jimmy Choo KRISTEN/S Black Golden Ø 99 mm;https://www.bigbuy.eu/5629111/ladies-sunglasses-jimmy-choo-kristen-s-black-golden-oe-99-mm_1112882.jpg;-;1;1;0;5;1;1;-;55.22;0.00%;-;61.36;0.00%;Sunglasses
S05143095;Ladies' Sunglasses Jimmy Choo KRISTEN/S Golden Ø 99 mm;https://www.bigbuy.eu/5629107/ladies-sunglasses-jimmy-choo-kristen-s-golden-oe-99-mm_1112881.jpg;-;1;1;0;5;1;1;-;55.22;0.00%;-;61.36;0.00%;Sunglasses
S05143098;Ladies' Sunglasses Jimmy Choo LIDIE/F/S Black;https://www.bigbuy.eu/5628973/ladies-sunglasses-jimmy-choo-lidie-f-s-black_1112850.jpg;-;1;1;0;5;0;1;-;60.61;0.00%;-;71.7;0.00%;Sunglasses
S05143145;Ladies' Sunglasses Polaroid POLAROID 6108/S;https://www.bigbuy.eu/5628901/ladies-sunglasses-polaroid-polaroid-6108-s_1112838.jpg;-;4;1;0;5;4;1;-;19.69;0.00%;-;22.38;0.00%;Sunglasses
S72121942;Ladies' Sunglasses Pepe Jeans PJ7430 53106;https://www.bigbuy.eu/5623524/ladies-sunglasses-pepe-jeans-pj7430-53106_1111399.jpg;-;50;1;0;5;50;1;-;37.97;0.00%;-;47.46;0.00%;Sunglasses
S72121941;Ladies' Sunglasses Pepe Jeans PJ7428 55946;https://www.bigbuy.eu/5623515/ladies-sunglasses-pepe-jeans-pj7428-55946_1111395.jpg;-;50;1;0;5;50;1;-;38.81;0.00%;-;48.51;0.00%;Sunglasses
S72121938;Ladies' Sunglasses Pepe Jeans PJ5214 55402;https://www.bigbuy.eu/5623553/ladies-sunglasses-pepe-jeans-pj5214-55402_1111408.jpg;-;50;1;0;5;50;1;-;38.81;0.00%;-;48.51;0.00%;Sunglasses
S72121937;Ladies' Sunglasses Pepe Jeans PJ7430 53017;https://www.bigbuy.eu/5623557/ladies-sunglasses-pepe-jeans-pj7430-53017_1111409.jpg;-;50;1;0;5;50;1;-;37.97;0.00%;-;47.46;0.00%;Sunglasses
S72121936;Ladies' Sunglasses Pepe Jeans PJ7429 52649;https://www.bigbuy.eu/5623551/ladies-sunglasses-pepe-jeans-pj7429-52649_1111407.jpg;-;50;1;0;5;50;1;-;38.81;0.00%;-;48.51;0.00%;Sunglasses
S72121935;Ladies' Sunglasses Pepe Jeans PJ7429 52356;https://www.bigbuy.eu/5623545/ladies-sunglasses-pepe-jeans-pj7429-52356_1111405.jpg;-;50;1;0;5;50;1;-;38.81;0.00%;-;48.51;0.00%;Sunglasses
S72121934;Ladies' Sunglasses Pepe Jeans PJ7429 52090;https://www.bigbuy.eu/5623526/ladies-sunglasses-pepe-jeans-pj7429-52090_1111398.jpg;-;50;1;0;5;50;1;-;38.81;0.00%;-;48.51;0.00%;Sunglasses
S72121933;Ladies' Sunglasses Pepe Jeans PJ7435 50562;https://www.bigbuy.eu/5623548/ladies-sunglasses-pepe-jeans-pj7435-50562_1111406.jpg;-;50;1;0;5;50;1;-;38.81;0.00%;-;48.51;0.00%;Sunglasses
S72121694;Ladies' Sunglasses Bulget BG9237 5201P;https://www.bigbuy.eu/5623537/ladies-sunglasses-bulget-bg9237-5201p_1111403.jpg;-;50;1;0;5;50;1;-;39.74;0.00%;-;48.46;0.00%;Sunglasses
S72123310;Ladies' Sunglasses Maje MJ5041 50022;https://www.bigbuy.eu/5623465/ladies-sunglasses-maje-mj5041-50022_1111378.jpg;-;2;1;0;5;2;1;-;50.51;0.00%;-;61.6;0.00%;Sunglasses
S72123298;Ladies' Sunglasses Maje MJ5040 50847;https://www.bigbuy.eu/5623461/ladies-sunglasses-maje-mj5040-50847_1111377.jpg;-;13;1;0;5;13;1;-;50.51;0.00%;-;61.6;0.00%;Sunglasses
S72123285;Ladies' Sunglasses Superdry SDS-LIZZIE 55122;https://www.bigbuy.eu/5623417/ladies-sunglasses-superdry-sds-lizzie-55122_1111362.jpg;-;50;1;0;5;50;1;-;37.97;0.00%;-;47.46;0.00%;Sunglasses
S72123274;Ladies' Sunglasses Scotch & Soda SS7019 55702;https://www.bigbuy.eu/5623401/ladies-sunglasses-scotch-soda-ss7019-55702_1111357.jpg;-;1;1;0;5;1;1;-;50.51;0.00%;-;61.6;0.00%;Sunglasses
S72123273;Ladies' Sunglasses Scotch & Soda SS7019 55247;https://www.bigbuy.eu/5623393/ladies-sunglasses-scotch-soda-ss7019-55247_1111354.jpg;-;1;1;0;5;1;1;-;50.51;0.00%;-;61.6;0.00%;Sunglasses
S72123268;Ladies' Sunglasses Scotch & Soda SS7041 52231;https://www.bigbuy.eu/5623405/ladies-sunglasses-scotch-soda-ss7041-52231_1111358.jpg;-;5;1;0;5;5;1;-;50.51;0.00%;-;61.6;0.00%;Sunglasses
S72123267;Ladies' Sunglasses Scotch & Soda SS7041 52001;https://www.bigbuy.eu/5623396/ladies-sunglasses-scotch-soda-ss7041-52001_1111355.jpg;-;21;1;0;5;21;1;-;50.51;0.00%;-;61.6;0.00%;Sunglasses
S72123266;Ladies' Sunglasses Scotch & Soda SS7038 50101;https://www.bigbuy.eu/5623384/ladies-sunglasses-scotch-soda-ss7038-50101_1111351.jpg;-;2;1;0;5;2;1;-;49.22;0.00%;-;60.02;0.00%;Sunglasses
S72123265;Ladies' Sunglasses Scotch & Soda SS7035 54107;https://www.bigbuy.eu/5623387/ladies-sunglasses-scotch-soda-ss7035-54107_1111352.jpg;-;29;1;0;5;29;1;-;50.51;0.00%;-;61.6;0.00%;Sunglasses
S72123162;Ladies' Sunglasses Carolina Herrera HER 0254_S;https://www.bigbuy.eu/5623364/ladies-sunglasses-carolina-herrera-her-0254-s_1111344.jpg;-;1;1;0;5;1;1;-;211.55;0.00%;-;232.47;0.00%;Sunglasses
S72123100;Ladies' Sunglasses Pepe Jeans PJ7424 52263;https://www.bigbuy.eu/5623361/ladies-sunglasses-pepe-jeans-pj7424-52263_1111343.jpg;-;1;1;0;5;1;1;-;37.97;0.00%;-;47.46;0.00%;Sunglasses
S72123099;Ladies' Sunglasses Pepe Jeans PJ7424 52001;https://www.bigbuy.eu/5623333/ladies-sunglasses-pepe-jeans-pj7424-52001_1111334.jpg;-;2;1;0;5;2;1;-;37.97;0.00%;-;47.46;0.00%;Sunglasses
S72123098;Ladies' Sunglasses Pepe Jeans PJ7423 50296;https://www.bigbuy.eu/5623358/ladies-sunglasses-pepe-jeans-pj7423-50296_1111342.jpg;-;50;1;0;5;50;1;-;37.97;0.00%;-;47.46;0.00%;Sunglasses
S72123093;Ladies' Sunglasses Pepe Jeans PJ7436 53649;https://www.bigbuy.eu/5623338/ladies-sunglasses-pepe-jeans-pj7436-53649_1111335.jpg;-;14;1;0;5;14;1;-;38.81;0.00%;-;48.51;0.00%;Sunglasses
S72123089;Ladies' Sunglasses Pepe Jeans PJ7424 52617;https://www.bigbuy.eu/5623325/ladies-sunglasses-pepe-jeans-pj7424-52617_1111331.jpg;-;34;1;0;5;34;1;-;37.97;0.00%;-;47.46;0.00%;Sunglasses
S72123088;Ladies' Sunglasses Pepe Jeans PJ7423 50263;https://www.bigbuy.eu/5623317/ladies-sunglasses-pepe-jeans-pj7423-50263_1111328.jpg;-;50;1;0;5;50;1;-;37.97;0.00%;-;47.46;0.00%;Sunglasses
S72123087;Ladies' Sunglasses Pepe Jeans PJ5214 55900;https://www.bigbuy.eu/5623308/ladies-sunglasses-pepe-jeans-pj5214-55900_1111326.jpg;-;40;1;0;5;40;1;-;38.81;0.00%;-;48.51;0.00%;Sunglasses
S72123086;Ladies' Sunglasses Pepe Jeans PJ5212 55200;https://www.bigbuy.eu/5623349/ladies-sunglasses-pepe-jeans-pj5212-55200_1111339.jpg;-;10;1;0;5;10;1;-;38.81;0.00%;-;48.51;0.00%;Sunglasses
S72123085;Ladies' Sunglasses Pepe Jeans PJ5212 55002;https://www.bigbuy.eu/5623339/ladies-sunglasses-pepe-jeans-pj5212-55002_1111336.jpg;-;22;1;0;5;22;1;-;38.81;0.00%;-;48.51;0.00%;Sunglasses
S72123084;Ladies' Sunglasses Pepe Jeans PJ5214 55401;https://www.bigbuy.eu/5623329/ladies-sunglasses-pepe-jeans-pj5214-55401_1111333.jpg;-;50;1;0;5;50;1;-;38.81;0.00%;-;48.51;0.00%;Sunglasses
S72123083;Ladies' Sunglasses Pepe Jeans PJ5213 52402;https://www.bigbuy.eu/5623297/ladies-sunglasses-pepe-jeans-pj5213-52402_1111322.jpg;-;36;1;0;5;36;1;-;38.81;0.00%;-;48.51;0.00%;Sunglasses
S72123082;Ladies' Sunglasses Pepe Jeans PJ7430 53619;https://www.bigbuy.eu/5623320/ladies-sunglasses-pepe-jeans-pj7430-53619_1111330.jpg;-;14;1;0;5;14;1;-;37.97;0.00%;-;47.46;0.00%;Sunglasses
S72123080;Ladies' Sunglasses Pepe Jeans PJ7428 55576;https://www.bigbuy.eu/5623313/ladies-sunglasses-pepe-jeans-pj7428-55576_1111327.jpg;-;27;1;0;5;27;1;-;38.81;0.00%;-;48.51;0.00%;Sunglasses
S72123076;Ladies' Sunglasses Pepe Jeans PJ7423 50001;https://www.bigbuy.eu/5623252/ladies-sunglasses-pepe-jeans-pj7423-50001_1111308.jpg;-;48;1;0;5;48;1;-;37.97;0.00%;-;47.46;0.00%;Sunglasses
S72122866;Ladies' Sunglasses Max Mara MM0047 5652F;https://www.bigbuy.eu/6730605/ladies-sunglasses-max-mara-mm0047-5652f_1111312.jpg;-;1;1;0;5;1;1;-;63.91;0.00%;-;75.19;0.00%;Sunglasses
S72122865;Ladies' Sunglasses Max Mara MM0047 5601B;https://www.bigbuy.eu/6947551/ladies-sunglasses-max-mara-mm0047-5601b_1111309.jpg;-;5;1;0;5;5;1;-;63.91;0.00%;-;75.19;0.00%;Sunglasses
S72122854;Ladies' Sunglasses Emilio Pucci EP0201 5401A;https://www.bigbuy.eu/5623328/ladies-sunglasses-emilio-pucci-ep0201-5401a_1111332.jpg;-;3;1;0;5;3;1;-;63.91;0.00%;-;75.19;0.00%;Sunglasses
S72122853;Ladies' Sunglasses Emilio Pucci EP0169 6024G;https://www.bigbuy.eu/6654251/ladies-sunglasses-emilio-pucci-ep0169-6024g_1111325.jpg;-;2;1;0;5;2;1;-;63.91;0.00%;-;75.19;0.00%;Sunglasses
S72122812;Ladies' Sunglasses Dsquared2 D2 0108_S;https://www.bigbuy.eu/5623321/ladies-sunglasses-dsquared2-d2-0108-s_1111329.jpg;-;1;1;0;5;1;1;-;211.55;0.00%;-;232.47;0.00%;Sunglasses
S72122805;Ladies' Sunglasses Gant GA8094 5501B;https://www.bigbuy.eu/5623285/ladies-sunglasses-gant-ga8094-5501b_1111318.jpg;-;50;1;0;5;50;1;-;47.21;0.00%;-;57.57;0.00%;Sunglasses
S72122799;Ladies' Sunglasses Polaroid PLD 4171_G_S_X;https://www.bigbuy.eu/5623270/ladies-sunglasses-polaroid-pld-4171-g-s-x_1111313.jpg;-;2;1;0;5;2;1;-;61.49;0.00%;-;72.34;0.00%;Sunglasses
S72122522;Ladies' Sunglasses Guess GU7905 5274S;https://www.bigbuy.eu/5623159/ladies-sunglasses-guess-gu7905-5274s_1111277.jpg;-;9;1;0;5;9;1;-;52.41;0.00%;-;63.91;0.00%;Sunglasses
S72122491;Ladies' Sunglasses Etro ETRO 0020_S;https://www.bigbuy.eu/5623218/ladies-sunglasses-etro-etro-0020-s_1111295.jpg;-;1;1;0;5;1;1;-;174.76;0.00%;-;194.18;0.00%;Sunglasses
S72122490;Ladies' Sunglasses Etro ETRO 0004_G_S;https://www.bigbuy.eu/5623171/ladies-sunglasses-etro-etro-0004-g-s_1111279.jpg;-;1;1;0;5;1;1;-;142.09;0.00%;-;157.88;0.00%;Sunglasses
S72122192;Ladies' Sunglasses Bulget BG3352 54P03;https://www.bigbuy.eu/5623154/ladies-sunglasses-bulget-bg3352-54p03_1111274.jpg;-;50;1;0;5;50;1;-;40.65;0.00%;-;49.57;0.00%;Sunglasses
S72122191;Ladies' Sunglasses Bulget BG3352 54P01;https://www.bigbuy.eu/5623209/ladies-sunglasses-bulget-bg3352-54p01_1111292.jpg;-;36;1;0;5;36;1;-;40.65;0.00%;-;49.57;0.00%;Sunglasses
S72122022;Ladies' Sunglasses Ted Baker TB1715 53422;https://www.bigbuy.eu/5623194/ladies-sunglasses-ted-baker-tb1715-53422_1111286.jpg;-;50;1;0;5;50;1;-;50.51;0.00%;-;61.6;0.00%;Sunglasses
S72121965;Ladies' Sunglasses Guess GU7851 6332B;https://www.bigbuy.eu/5623182/ladies-sunglasses-guess-gu7851-6332b_1111282.jpg;-;2;1;0;5;2;1;-;52.41;0.00%;-;63.91;0.00%;Sunglasses
S72121830;Ladies' Sunglasses Hugo Boss BOSS 1653_S 70086IR;https://www.bigbuy.eu/5623185/ladies-sunglasses-hugo-boss-boss-1653-s-70086ir_1111283.jpg;-;15;1;0;5;15;1;-;84.34;0.00%;-;95.84;0.00%;Sunglasses
S72121828;Ladies' Sunglasses Hugo Boss BOSS 1608_S 50XGWIR;https://www.bigbuy.eu/5623175/ladies-sunglasses-hugo-boss-boss-1608-s-50xgwir_1111280.jpg;-;50;1;0;5;50;1;-;84.34;0.00%;-;95.84;0.00%;Sunglasses
S72121827;Ladies' Sunglasses Hugo Boss BOSS 1661_S 582IK9O;https://www.bigbuy.eu/5623139/ladies-sunglasses-hugo-boss-boss-1661-s-582ik9o_1111270.jpg;-;39;1;0;5;39;1;-;84.34;0.00%;-;95.84;0.00%;Sunglasses
S72121627;Ladies' Sunglasses Carrera CARRERA 3026_S;https://www.bigbuy.eu/5623117/ladies-sunglasses-carrera-carrera-3026-s_1111260.jpg;-;1;1;0;5;1;1;-;109.43;0.00%;-;121.59;0.00%;Sunglasses
S72121557;Ladies' Sunglasses Etro ETRO 0054_S;https://www.bigbuy.eu/5623103/ladies-sunglasses-etro-etro-0054-s_1111254.jpg;-;1;1;0;5;1;1;-;185.7;0.00%;-;204.07;0.00%;Sunglasses
S72121520;Ladies' Sunglasses Marc Jacobs MARC 760_S;https://www.bigbuy.eu/5623127/ladies-sunglasses-marc-jacobs-marc-760-s_1111264.jpg;-;1;1;0;5;1;1;-;120.55;0.00%;-;133.94;0.00%;Sunglasses
S72121153;Ladies' Sunglasses Guess GU7890 5566B;https://www.bigbuy.eu/5623105/ladies-sunglasses-guess-gu7890-5566b_1111255.jpg;-;4;1;0;5;4;1;-;53.79;0.00%;-;65.6;0.00%;Sunglasses
S72120971;Ladies' Sunglasses Bulget BGY3006 54G22;https://www.bigbuy.eu/5623135/ladies-sunglasses-bulget-bgy3006-54g22_1111267.jpg;-;6;1;0;5;6;1;-;39.74;0.00%;-;48.46;0.00%;Sunglasses
S72120969;Ladies' Sunglasses Bulget BGY3004 5505A;https://www.bigbuy.eu/5623082/ladies-sunglasses-bulget-bgy3004-5505a_1111246.jpg;-;1;1;0;5;1;1;-;38.82;0.00%;-;47.34;0.00%;Sunglasses
S72120965;Ladies' Sunglasses Bulget BG9224 52H01;https://www.bigbuy.eu/5623058/ladies-sunglasses-bulget-bg9224-52h01_1111239.jpg;-;50;1;0;5;50;1;-;40.65;0.00%;-;49.57;0.00%;Sunglasses
S72120964;Ladies' Sunglasses Bulget BG9221 56T01;https://www.bigbuy.eu/5623042/ladies-sunglasses-bulget-bg9221-56t01_1111233.jpg;-;7;1;0;5;7;1;-;40.65;0.00%;-;49.57;0.00%;Sunglasses
S72120963;Ladies' Sunglasses Bulget BG9220 56T01;https://www.bigbuy.eu/5623090/ladies-sunglasses-bulget-bg9220-56t01_1111248.jpg;-;7;1;0;5;7;1;-;40.65;0.00%;-;49.57;0.00%;Sunglasses
S72120957;Ladies' Sunglasses Bulget BG9200 54G22;https://www.bigbuy.eu/5623057/ladies-sunglasses-bulget-bg9200-54g22_1111237.jpg;-;23;1;0;5;23;1;-;40.65;0.00%;-;49.57;0.00%;Sunglasses
S72120951;Ladies' Sunglasses Bulget BG3352 54P04;https://www.bigbuy.eu/5623035/ladies-sunglasses-bulget-bg3352-54p04_1111230.jpg;-;50;1;0;5;50;1;-;40.65;0.00%;-;49.57;0.00%;Sunglasses
S72120628;Ladies' Sunglasses Yohji Yamamoto YY7031 52031;https://www.bigbuy.eu/5623013/ladies-sunglasses-yohji-yamamoto-yy7031-52031_1111223.jpg;-;5;1;0;5;5;1;-;78.16;0.00%;-;88.82;0.00%;Sunglasses
S72120582;Ladies' Sunglasses Bulget BG9254 54T01;https://www.bigbuy.eu/5623136/ladies-sunglasses-bulget-bg9254-54t01_1111268.jpg;-;50;1;0;5;50;1;-;40.65;0.00%;-;49.57;0.00%;Sunglasses
S72120581;Ladies' Sunglasses Bulget BG9234 55T01;https://www.bigbuy.eu/5623032/ladies-sunglasses-bulget-bg9234-55t01_1111229.jpg;-;50;1;0;5;50;1;-;40.65;0.00%;-;49.57;0.00%;Sunglasses
S72120573;Ladies' Sunglasses Bulget BG3352 54P02;https://www.bigbuy.eu/6771930/ladies-sunglasses-bulget-bg3352-54p02_1111245.jpg;-;5;1;0;5;5;1;-;40.65;0.00%;-;49.57;0.00%;Sunglasses
S72120568;Ladies' Sunglasses Bulget BG3329 5909A;https://www.bigbuy.eu/5623002/ladies-sunglasses-bulget-bg3329-5909a_1111219.jpg;-;5;1;0;5;5;1;-;40.65;0.00%;-;49.57;0.00%;Sunglasses
S72120566;Ladies' Sunglasses Bulget BG3329 5901A;https://www.bigbuy.eu/5623045/ladies-sunglasses-bulget-bg3329-5901a_1111235.jpg;-;22;1;0;5;22;1;-;40.65;0.00%;-;49.57;0.00%;Sunglasses
S72120564;Ladies' Sunglasses Bulget BG3325 5805A;https://www.bigbuy.eu/5623069/ladies-sunglasses-bulget-bg3325-5805a_1111241.jpg;-;23;1;0;5;23;1;-;40.65;0.00%;-;49.57;0.00%;Sunglasses
S72120515;Ladies' Sunglasses Dolce & Gabbana DG 4490;https://www.bigbuy.eu/5622987/ladies-sunglasses-dolce-gabbana-dg-4490_1111217.jpg;-;3;1;0;5;3;1;-;208.97;0.00%;-;229.64;0.00%;Sunglasses
S72118896;Ladies' Sunglasses Nike NIKE GRAND M FV2411;https://www.bigbuy.eu/5622973/ladies-sunglasses-nike-nike-grand-m-fv2411_1111211.jpg;-;4;1;0;5;4;1;-;101.96;0.00%;-;115.86;0.00%;Sunglasses
S05125954;Ladies' Sunglasses Guess GU00113 Ø 55 mm;https://www.bigbuy.eu/5618684/ladies-sunglasses-guess-gu00113-oe-55-mm_1110316.jpg;-;2;1;0;5;2;1;-;62.86;0.00%;-;69.84;0.00%;Sunglasses
S05113969;Ladies' Sunglasses Emilio Pucci EP0206 41F ø 63 mm;https://www.bigbuy.eu/5618667/ladies-sunglasses-emilio-pucci-ep0206-41f-oe-63-mm_1110299.jpg;-;1;1;0;5;1;1;-;85.34;0.00%;-;94.82;0.00%;Sunglasses
S05110561;Ladies' Sunglasses Guess GU7886 57B Brown Light brown Ø 53 mm;https://www.bigbuy.eu/5618676/ladies-sunglasses-guess-gu7886-57b-brown-light-brown-oe-53-mm_1110308.jpg;-;2;1;0;5;2;1;-;52.75;0.00%;-;59.27;0.00%;Sunglasses
S05110544;Ladies' Sunglasses Guess GU7889 21Z Ø 53 mm;https://www.bigbuy.eu/5618666/ladies-sunglasses-guess-gu7889-21z-oe-53-mm_1110298.jpg;-;1;1;0;5;1;1;-;70.27;0.00%;-;78.08;0.00%;Sunglasses
S05110537;Ladies' Sunglasses Guess GU7877 57B ø 56 mm;https://www.bigbuy.eu/5618662/ladies-sunglasses-guess-gu7877-57b-oe-56-mm_1110294.jpg;-;1;1;0;5;1;1;-;40.82;0.00%;-;45.87;0.00%;Sunglasses
S05125757;Ladies' Sunglasses Guess by Marciano GM00011 ø 58 mm;https://www.bigbuy.eu/5607350/ladies-sunglasses-guess-by-marciano-gm00011-oe-58-mm_1107421.jpg;-;1;1;0;5;1;1;-;88.83;0.00%;-;98.7;0.00%;Sunglasses
S05125756;Ladies' Sunglasses Guess by Marciano GM00011 ø 58 mm;https://www.bigbuy.eu/5607388/ladies-sunglasses-guess-by-marciano-gm00011-oe-58-mm_1107460.jpg;-;1;1;0;5;1;1;-;88.83;0.00%;-;98.7;0.00%;Sunglasses
S05125755;Ladies' Sunglasses Guess by Marciano GM00011 ø 58 mm;https://www.bigbuy.eu/5607358/ladies-sunglasses-guess-by-marciano-gm00011-oe-58-mm_1107429.jpg;-;1;1;0;5;1;1;-;88.83;0.00%;-;98.7;0.00%;Sunglasses
S05125753;Ladies' Sunglasses Guess by Marciano GM00012 ø 58 mm;https://www.bigbuy.eu/5607347/ladies-sunglasses-guess-by-marciano-gm00012-oe-58-mm_1107418.jpg;-;1;1;0;5;1;1;-;88.83;0.00%;-;98.7;0.00%;Sunglasses
S05125751;Ladies' Sunglasses Guess by Marciano GM00013 ø 59 mm;https://www.bigbuy.eu/5607381/ladies-sunglasses-guess-by-marciano-gm00013-oe-59-mm_1107450.jpg;-;1;1;0;5;1;1;-;88.83;0.00%;-;98.7;0.00%;Sunglasses
S05125742;Ladies' Sunglasses Guess by Marciano GM00010 ø 57 mm Black;https://www.bigbuy.eu/5607363/ladies-sunglasses-guess-by-marciano-gm00010-oe-57-mm-black_1107434.jpg;-;1;1;0;5;1;1;-;88.83;0.00%;-;98.7;0.00%;Sunglasses
S05125741;Ladies' Sunglasses Guess by Marciano GM00009 ø 58 mm;https://www.bigbuy.eu/5607374/ladies-sunglasses-guess-by-marciano-gm00009-oe-58-mm_1107445.jpg;-;1;1;0;5;1;1;-;88.83;0.00%;-;98.7;0.00%;Sunglasses
S05125736;Ladies' Sunglasses Guess by Marciano GM00009 ø 58 mm;https://www.bigbuy.eu/5607359/ladies-sunglasses-guess-by-marciano-gm00009-oe-58-mm_1107430.jpg;-;1;1;0;5;1;1;-;88.83;0.00%;-;98.7;0.00%;Sunglasses
S05125735;Ladies' Sunglasses Guess by Marciano GM00009 ø 58 mm;https://www.bigbuy.eu/5607355/ladies-sunglasses-guess-by-marciano-gm00009-oe-58-mm_1107426.jpg;-;1;1;0;5;1;1;-;88.83;0.00%;-;98.7;0.00%;Sunglasses
S05125708;Ladies' Sunglasses Emilio Pucci EP0202 ø 54 mm;https://www.bigbuy.eu/5607351/ladies-sunglasses-emilio-pucci-ep0202-oe-54-mm_1107422.jpg;-;1;1;0;5;1;1;-;82.9;0.00%;-;92.11;0.00%;Sunglasses
S05125599;Ladies' Sunglasses Guess GU00133 ø 56 mm;https://www.bigbuy.eu/5607356/ladies-sunglasses-guess-gu00133-oe-56-mm_1107427.jpg;-;1;1;0;5;1;1;-;41.71;0.00%;-;46.87;0.00%;Sunglasses
S05125597;Ladies' Sunglasses Guess GU00133 ø 56 mm;https://www.bigbuy.eu/5607352/ladies-sunglasses-guess-gu00133-oe-56-mm_1107423.jpg;-;1;1;0;5;1;1;-;41.71;0.00%;-;46.87;0.00%;Sunglasses
S05125596;Ladies' Sunglasses Guess GU00133 ø 56 mm;https://www.bigbuy.eu/5607329/ladies-sunglasses-guess-gu00133-oe-56-mm_1107400.jpg;-;1;1;0;5;1;1;-;41.71;0.00%;-;46.87;0.00%;Sunglasses
S05125590;Ladies' Sunglasses Guess GU00134 Ø 55 mm;https://www.bigbuy.eu/5607342/ladies-sunglasses-guess-gu00134-oe-55-mm_1107413.jpg;-;1;1;0;5;1;1;-;45.83;0.00%;-;51.49;0.00%;Sunglasses
S05125049;Ladies' Sunglasses Guess GU00113 Habana Ø 55 mm;https://www.bigbuy.eu/5607378/ladies-sunglasses-guess-gu00113-habana-oe-55-mm_1107449.jpg;-;1;1;0;5;1;1;-;62.86;0.00%;-;69.84;0.00%;Sunglasses
S05125046;Ladies' Sunglasses Guess GU00113 Black Ø 55 mm;https://www.bigbuy.eu/5607323/ladies-sunglasses-guess-gu00113-black-oe-55-mm_1107393.jpg;-;1;1;0;5;1;1;-;62.86;0.00%;-;69.84;0.00%;Sunglasses
S05125044;Ladies' Sunglasses Guess GU00112 Habana ø 56 mm;https://www.bigbuy.eu/5607321/ladies-sunglasses-guess-gu00112-habana-oe-56-mm_1107391.jpg;-;1;1;0;5;1;1;-;62.86;0.00%;-;69.84;0.00%;Sunglasses
S05125042;Ladies' Sunglasses Guess GU00112 Black ø 56 mm;https://www.bigbuy.eu/5607334/ladies-sunglasses-guess-gu00112-black-oe-56-mm_1107405.jpg;-;1;1;0;5;1;1;-;62.86;0.00%;-;69.84;0.00%;Sunglasses
S05123414;Ladies' Sunglasses Guess GU00099 Habana Ø 55 mm;https://www.bigbuy.eu/5607375/ladies-sunglasses-guess-gu00099-habana-oe-55-mm_1107447.jpg;-;1;1;0;5;1;1;-;49.95;0.00%;-;56.12;0.00%;Sunglasses
S05123413;Ladies' Sunglasses Guess GU00099 Habana Ø 55 mm;https://www.bigbuy.eu/5607315/ladies-sunglasses-guess-gu00099-habana-oe-55-mm_1107384.jpg;-;1;1;0;5;1;1;-;43.08;0.00%;-;48.4;0.00%;Sunglasses
S05123406;Ladies' Sunglasses Guess GU00098 Ø 55 mm;https://www.bigbuy.eu/5607310/ladies-sunglasses-guess-gu00098-oe-55-mm_1107382.jpg;-;1;1;0;5;1;1;-;38.94;0.00%;-;44.25;0.00%;Sunglasses
S05123292;Ladies' Sunglasses Guess GU00105 Habana ø 56 mm;https://www.bigbuy.eu/5607553/ladies-sunglasses-guess-gu00105-habana-oe-56-mm_1107407.jpg;-;1;1;0;5;1;1;-;59.39;0.00%;-;65.99;0.00%;Sunglasses
S05113967;Ladies' Sunglasses Tod's TO0362-H 78Y ø 57 mm;https://www.bigbuy.eu/5607307/ladies-sunglasses-tod-s-to0362-h-78y-oe-57-mm_1107379.jpg;-;1;1;0;5;1;1;-;115.08;0.00%;-;127.87;0.00%;Sunglasses
S05113966;Ladies' Sunglasses Tod's TO0362-H Brown ø 57 mm;https://www.bigbuy.eu/5607308/ladies-sunglasses-tod-s-to0362-h-brown-oe-57-mm_1107380.jpg;-;1;1;0;5;1;1;-;115.08;0.00%;-;127.87;0.00%;Sunglasses
S05113965;Ladies' Sunglasses Tod's TO0362-H 45E ø 57 mm;https://www.bigbuy.eu/5607277/ladies-sunglasses-tod-s-to0362-h-45e-oe-57-mm_1107355.jpg;-;1;1;0;5;1;1;-;115.08;0.00%;-;127.87;0.00%;Sunglasses
S05113962;Ladies' Sunglasses MAX&Co MO0082 33W Golden ø 57 mm;https://www.bigbuy.eu/5607260/ladies-sunglasses-max-co-mo0082-33w-golden-oe-57-mm_1107337.jpg;-;1;1;0;5;1;1;-;54.93;0.00%;-;61.03;0.00%;Sunglasses
S05113961;Ladies' Sunglasses MAX&Co MO0082 32Z Golden ø 57 mm;https://www.bigbuy.eu/5607302/ladies-sunglasses-max-co-mo0082-32z-golden-oe-57-mm_1107374.jpg;-;1;1;0;5;1;1;-;54.93;0.00%;-;61.03;0.00%;Sunglasses
S05113959;Ladies' Sunglasses MAX&Co MO0082 32B Golden ø 57 mm;https://www.bigbuy.eu/5607264/ladies-sunglasses-max-co-mo0082-32b-golden-oe-57-mm_1107342.jpg;-;1;1;0;5;1;1;-;54.38;0.00%;-;60.42;0.00%;Sunglasses
S05113958;Ladies' Sunglasses MAX&Co MO0084 75Z Ø 55 mm;https://www.bigbuy.eu/5607255/ladies-sunglasses-max-co-mo0084-75z-oe-55-mm_1107332.jpg;-;2;1;0;5;2;1;-;46.24;0.00%;-;51.96;0.00%;Sunglasses
S05113956;Ladies' Sunglasses MAX&Co MO0084 20B Grey Ø 55 mm;https://www.bigbuy.eu/5607292/ladies-sunglasses-max-co-mo0084-20b-grey-oe-55-mm_1107363.jpg;-;2;1;0;5;2;1;-;46.24;0.00%;-;51.96;0.00%;Sunglasses
S05113889;Ladies' Sunglasses Guess GU7905 80Y Ø 52 mm;https://www.bigbuy.eu/5607242/ladies-sunglasses-guess-gu7905-80y-oe-52-mm_1107320.jpg;-;1;1;0;5;1;1;-;52.75;0.00%;-;59.27;0.00%;Sunglasses
S05113886;Ladies' Sunglasses Guess GU7904 89V Turquoise Ø 51 mm;https://www.bigbuy.eu/5607588/ladies-sunglasses-guess-gu7904-89v-turquoise-oe-51-mm_1107314.jpg;-;1;1;0;5;1;1;-;52.2;0.00%;-;58.65;0.00%;Sunglasses
S05113879;Ladies' Sunglasses Guess GU7902 01T Ø 53 mm;https://www.bigbuy.eu/5607656/ladies-sunglasses-guess-gu7902-01t-oe-53-mm_1107351.jpg;-;2;1;0;5;2;1;-;61.85;0.00%;-;68.72;0.00%;Sunglasses
